[08Jul2026 01:15:58.165] [main/INFO] [cpw.mods.modlauncher.Launcher/MODLAUNCHER]: ModLauncher running: args [--launchTarget, forgeserver, --fml.forgeVersion, 47.3.7, --fml.mcVersion, 1.20.1, --fml.forgeGroup, net.minecraftforge, --fml.mcpVersion, 20230612.114412, nogui]
[08Jul2026 01:15:58.171] [main/INFO] [cpw.mods.modlauncher.Launcher/MODLAUNCHER]: ModLauncher 10.0.9+10.0.9+main.dcd20f30 starting: java version 17.0.19 by Ubuntu; OS Linux arch amd64 version 6.8.0-1052-azure
[08Jul2026 01:15:58.209] [main/DEBUG] [cpw.mods.modlauncher.LaunchServiceHandler/MODLAUNCHER]: Found launch services [fmlclientdev,forgeclient,minecraft,forgegametestserverdev,fmlserveruserdev,fmlclient,fmldatauserdev,forgeserverdev,forgeserveruserdev,forgeclientdev,forgeclientuserdev,forgeserver,forgedatadev,fmlserver,fmlclientuserdev,fmlserverdev,forgedatauserdev,testharness,forgegametestserveruserdev]
[08Jul2026 01:15:58.225] [main/DEBUG] [cpw.mods.modlauncher.NameMappingServiceHandler/MODLAUNCHER]: Found naming services : [srgtomcp]
[08Jul2026 01:15:58.265] [main/DEBUG] [cpw.mods.modlauncher.LaunchPluginHandler/MODLAUNCHER]: Found launch plugins: [mixin,eventbus,slf4jfixer,object_holder_definalize,runtime_enum_extender,capability_token_subclass,accesstransformer,runtimedistcleaner]
[08Jul2026 01:15:58.303] [main/DEBUG] [cpw.mods.modlauncher.TransformationServicesHandler/MODLAUNCHER]: Discovering transformation services
[08Jul2026 01:15:58.313] [main/DEBUG] [net.minecraftforge.fml.loading.FMLPaths/CORE]: Path GAMEDIR is /workspaces/server1/servidor_minecraft
[08Jul2026 01:15:58.314] [main/DEBUG] [net.minecraftforge.fml.loading.FMLPaths/CORE]: Path MODSDIR is /workspaces/server1/servidor_minecraft/mods
[08Jul2026 01:15:58.315] [main/DEBUG] [net.minecraftforge.fml.loading.FMLPaths/CORE]: Path CONFIGDIR is /workspaces/server1/servidor_minecraft/config
[08Jul2026 01:15:58.315] [main/DEBUG] [net.minecraftforge.fml.loading.FMLPaths/CORE]: Path FMLCONFIG is /workspaces/server1/servidor_minecraft/config/fml.toml
[08Jul2026 01:15:58.613] [main/DEBUG] [cpw.mods.modlauncher.TransformationServicesHandler/MODLAUNCHER]: Found additional transformation services from discovery services: 
[08Jul2026 01:15:58.621] [main/INFO] [net.minecraftforge.fml.loading.ImmediateWindowHandler/]: ImmediateWindowProvider not loading because launch target is forgeserver
[08Jul2026 01:15:58.632] [main/DEBUG] [cpw.mods.modlauncher.TransformationServicesHandler/MODLAUNCHER]: Found transformer services : [mixin,fml]
[08Jul2026 01:15:58.633] [main/DEBUG] [cpw.mods.modlauncher.TransformationServicesHandler/MODLAUNCHER]: Transformation services loading
[08Jul2026 01:15:58.637] [main/DEBUG] [cpw.mods.modlauncher.TransformationServiceDecorator/MODLAUNCHER]: Loading service mixin
[08Jul2026 01:15:58.637] [main/DEBUG] [cpw.mods.modlauncher.TransformationServiceDecorator/MODLAUNCHER]: Loaded service mixin
[08Jul2026 01:15:58.637] [main/DEBUG] [cpw.mods.modlauncher.TransformationServiceDecorator/MODLAUNCHER]: Loading service fml
[08Jul2026 01:15:58.638] [main/DEBUG] [net.minecraftforge.fml.loading.LauncherVersion/CORE]: Found FMLLauncher version 1.0
[08Jul2026 01:15:58.639] [main/DEBUG] [net.minecraftforge.fml.loading.FMLLoader/CORE]: FML 1.0 loading
[08Jul2026 01:15:58.639] [main/DEBUG] [net.minecraftforge.fml.loading.FMLLoader/CORE]: FML found ModLauncher version : 10.0.9+10.0.9+main.dcd20f30
[08Jul2026 01:15:58.639] [main/DEBUG] [net.minecraftforge.fml.loading.FMLLoader/CORE]: FML found AccessTransformer version : 8.0.4+66+master.c09db6d7
[08Jul2026 01:15:58.640] [main/DEBUG] [net.minecraftforge.fml.loading.FMLLoader/CORE]: FML found EventBus version : 6.0.5+6.0.5+master.eb8e549b
[08Jul2026 01:15:58.640] [main/DEBUG] [net.minecraftforge.fml.loading.FMLLoader/CORE]: Found Runtime Dist Cleaner
[08Jul2026 01:15:58.641] [main/DEBUG] [net.minecraftforge.fml.loading.FMLLoader/CORE]: FML found CoreMod version : 5.1.6
[08Jul2026 01:15:58.642] [main/DEBUG] [net.minecraftforge.fml.loading.FMLLoader/CORE]: Found ForgeSPI package implementation version 7.0.1+7.0.1+master.d2b38bf6
[08Jul2026 01:15:58.642] [main/DEBUG] [net.minecraftforge.fml.loading.FMLLoader/CORE]: Found ForgeSPI package specification 5
[08Jul2026 01:15:58.642] [main/DEBUG] [cpw.mods.modlauncher.TransformationServiceDecorator/MODLAUNCHER]: Loaded service fml
[08Jul2026 01:15:58.643] [main/DEBUG] [cpw.mods.modlauncher.TransformationServicesHandler/MODLAUNCHER]: Configuring option handling for services
[08Jul2026 01:15:58.651] [main/DEBUG] [cpw.mods.modlauncher.TransformationServicesHandler/MODLAUNCHER]: Transformation services initializing
[08Jul2026 01:15:58.651] [main/DEBUG] [cpw.mods.modlauncher.TransformationServiceDecorator/MODLAUNCHER]: Initializing transformation service mixin
[08Jul2026 01:15:58.704] [main/DEBUG] [mixin/]: MixinService [ModLauncher] was successfully booted in cpw.mods.cl.ModuleClassLoader@77ec78b9
[08Jul2026 01:15:58.759] [main/INFO] [mixin/]: SpongePowered MIXIN Subsystem Version=0.8.5 Source=union:/workspaces/server1/servidor_minecraft/libraries/org/spongepowered/mixin/0.8.5/mixin-0.8.5.jar%2365!/ Service=ModLauncher Env=SERVER
[08Jul2026 01:15:58.766] [main/DEBUG] [mixin/]: Initialising Mixin Platform Manager
[08Jul2026 01:15:58.766] [main/DEBUG] [mixin/]: Adding mixin platform agents for container ModLauncher Root Container(ModLauncher:4f56a0a2)
[08Jul2026 01:15:58.767] [main/DEBUG] [mixin/]: Instancing new MixinPlatformAgentMinecraftForge for ModLauncher Root Container(ModLauncher:4f56a0a2)
[08Jul2026 01:15:58.770] [main/DEBUG] [mixin/]: MixinPlatformAgentMinecraftForge rejected container ModLauncher Root Container(ModLauncher:4f56a0a2)
[08Jul2026 01:15:58.772] [main/DEBUG] [mixin/]: Instancing new MixinPlatformAgentDefault for ModLauncher Root Container(ModLauncher:4f56a0a2)
[08Jul2026 01:15:58.772] [main/DEBUG] [mixin/]: MixinPlatformAgentDefault accepted container ModLauncher Root Container(ModLauncher:4f56a0a2)
[08Jul2026 01:15:58.777] [main/DEBUG] [cpw.mods.modlauncher.TransformationServiceDecorator/MODLAUNCHER]: Initialized transformation service mixin
[08Jul2026 01:15:58.778] [main/DEBUG] [cpw.mods.modlauncher.TransformationServiceDecorator/MODLAUNCHER]: Initializing transformation service fml
[08Jul2026 01:15:58.779] [main/DEBUG] [net.minecraftforge.fml.loading.FMLServiceProvider/CORE]: Setting up basic FML game directories
[08Jul2026 01:15:58.780] [main/DEBUG] [net.minecraftforge.fml.loading.FMLPaths/CORE]: Path GAMEDIR is /workspaces/server1/servidor_minecraft
[08Jul2026 01:15:58.783] [main/DEBUG] [net.minecraftforge.fml.loading.FMLPaths/CORE]: Path MODSDIR is /workspaces/server1/servidor_minecraft/mods
[08Jul2026 01:15:58.783] [main/DEBUG] [net.minecraftforge.fml.loading.FMLPaths/CORE]: Path CONFIGDIR is /workspaces/server1/servidor_minecraft/config
[08Jul2026 01:15:58.783] [main/DEBUG] [net.minecraftforge.fml.loading.FMLPaths/CORE]: Path FMLCONFIG is /workspaces/server1/servidor_minecraft/config/fml.toml
[08Jul2026 01:15:58.783] [main/DEBUG] [net.minecraftforge.fml.loading.FMLServiceProvider/CORE]: Loading configuration
[08Jul2026 01:15:58.788] [main/DEBUG] [net.minecraftforge.fml.loading.FMLServiceProvider/CORE]: Preparing ModFile
[08Jul2026 01:15:58.792] [main/DEBUG] [net.minecraftforge.fml.loading.FMLServiceProvider/CORE]: Preparing launch handler
[08Jul2026 01:15:58.793] [main/DEBUG] [net.minecraftforge.fml.loading.FMLLoader/CORE]: Using forgeserver as launch service
[08Jul2026 01:15:58.817] [main/DEBUG] [net.minecraftforge.fml.loading.FMLLoader/CORE]: Received command line version data  : VersionInfo[forgeVersion=47.3.7, mcVersion=1.20.1, mcpVersion=20230612.114412, forgeGroup=net.minecraftforge]
[08Jul2026 01:15:58.820] [main/DEBUG] [cpw.mods.modlauncher.TransformationServiceDecorator/MODLAUNCHER]: Initialized transformation service fml
[08Jul2026 01:15:58.821] [main/DEBUG] [cpw.mods.modlauncher.NameMappingServiceHandler/MODLAUNCHER]: Current naming domain is 'srg'
[08Jul2026 01:15:58.822] [main/DEBUG] [cpw.mods.modlauncher.NameMappingServiceHandler/MODLAUNCHER]: Identified name mapping providers {}
[08Jul2026 01:15:58.822] [main/DEBUG] [cpw.mods.modlauncher.TransformationServicesHandler/MODLAUNCHER]: Transformation services begin scanning
[08Jul2026 01:15:58.823] [main/DEBUG] [cpw.mods.modlauncher.TransformationServiceDecorator/MODLAUNCHER]: Beginning scan trigger - transformation service mixin
[08Jul2026 01:15:58.823] [main/DEBUG] [cpw.mods.modlauncher.TransformationServiceDecorator/MODLAUNCHER]: End scan trigger - transformation service mixin
[08Jul2026 01:15:58.824] [main/DEBUG] [cpw.mods.modlauncher.TransformationServiceDecorator/MODLAUNCHER]: Beginning scan trigger - transformation service fml
[08Jul2026 01:15:58.824] [main/DEBUG] [net.minecraftforge.fml.loading.FMLServiceProvider/CORE]: Initiating mod scan
[08Jul2026 01:15:58.841] [main/DEBUG] [net.minecraftforge.fml.loading.moddiscovery.ModListHandler/CORE]: Found mod coordinates from lists: []
[08Jul2026 01:15:58.847] [main/DEBUG] [net.minecraftforge.fml.loading.moddiscovery.ModDiscoverer/CORE]: Found Mod Locators : (mods folder:null),(maven libs:null),(exploded directory:null),(minecraft:null),(userdev classpath:null)
[08Jul2026 01:15:58.851] [main/DEBUG] [net.minecraftforge.fml.loading.moddiscovery.ModDiscoverer/CORE]: Found Dependency Locators : (JarInJar:null)
[08Jul2026 01:15:58.870] [main/DEBUG] [net.minecraftforge.fml.loading.moddiscovery.ModFileParser/LOADING]: Considering mod file candidate /workspaces/server1/servidor_minecraft/mods/cloth-config-11.1.136-forge.jar
[08Jul2026 01:15:58.929] [main/DEBUG] [net.minecraftforge.fml.loading.moddiscovery.ModFileInfo/LOADING]: Found valid mod file cloth-config-11.1.136-forge.jar with {cloth_config} mods - versions {11.1.136}
[08Jul2026 01:15:58.938] [main/DEBUG] [net.minecraftforge.fml.loading.moddiscovery.ModFileParser/LOADING]: Considering mod file candidate /workspaces/server1/servidor_minecraft/mods/geckolib-forge-1.20.1-4.8.4.jar
[08Jul2026 01:15:58.940] [main/DEBUG] [net.minecraftforge.fml.loading.moddiscovery.ModFileInfo/LOADING]: Found valid mod file geckolib-forge-1.20.1-4.8.4.jar with {geckolib} mods - versions {4.8.4}
[08Jul2026 01:15:58.942] [main/DEBUG] [net.minecraftforge.fml.loading.moddiscovery.ModFileParser/LOADING]: Considering mod file candidate /workspaces/server1/servidor_minecraft/mods/gravestone-forge-1.20.1-1.0.35.jar
[08Jul2026 01:15:58.943] [main/DEBUG] [net.minecraftforge.fml.loading.moddiscovery.ModFileInfo/LOADING]: Found valid mod file gravestone-forge-1.20.1-1.0.35.jar with {gravestone} mods - versions {1.20.1-1.0.35}
[08Jul2026 01:15:58.945] [main/DEBUG] [net.minecraftforge.fml.loading.moddiscovery.ModFileParser/LOADING]: Considering mod file candidate /workspaces/server1/servidor_minecraft/mods/sophisticatedbackpacks-1.20.1-3.24.59.1960.jar
[08Jul2026 01:15:58.948] [main/DEBUG] [net.minecraftforge.fml.loading.moddiscovery.ModFileInfo/LOADING]: Found valid mod file sophisticatedbackpacks-1.20.1-3.24.59.1960.jar with {sophisticatedbackpacks} mods - versions {3.24.59.1960}
[08Jul2026 01:15:58.949] [main/DEBUG] [net.minecraftforge.fml.loading.moddiscovery.ModFileParser/LOADING]: Considering mod file candidate /workspaces/server1/servidor_minecraft/mods/sophisticatedcore-1.20.1-1.3.63.2106.jar
[08Jul2026 01:15:58.952] [main/DEBUG] [net.minecraftforge.fml.loading.moddiscovery.ModFileInfo/LOADING]: Found valid mod file sophisticatedcore-1.20.1-1.3.63.2106.jar with {sophisticatedcore} mods - versions {1.3.63.2106}
[08Jul2026 01:15:58.952] [main/DEBUG] [net.minecraftforge.fml.loading.moddiscovery.ModFileParser/LOADING]: Considering mod file candidate /workspaces/server1/servidor_minecraft/mods/The-Stalker-perk_twixxel-1.20.1.jar
[08Jul2026 01:15:58.953] [main/DEBUG] [net.minecraftforge.fml.loading.moddiscovery.ModFileInfo/LOADING]: Found valid mod file The-Stalker-perk_twixxel-1.20.1.jar with {stalker} mods - versions {1.0.0}
[08Jul2026 01:15:59.106] [main/DEBUG] [net.minecraftforge.fml.loading.moddiscovery.ModFileInfo/LOADING]: Found valid mod file server-1.20.1-20230612.114412-srg.jar with {minecraft} mods - versions {1.20.1}
[08Jul2026 01:15:59.109] [main/DEBUG] [net.minecraftforge.fml.loading.moddiscovery.ModFileParser/LOADING]: Considering mod file candidate /workspaces/server1/servidor_minecraft/libraries/net/minecraftforge/fmlcore/1.20.1-47.3.7/fmlcore-1.20.1-47.3.7.jar
[08Jul2026 01:15:59.110] [main/WARN] [net.minecraftforge.fml.loading.moddiscovery.ModFileParser/LOADING]: Mod file /workspaces/server1/servidor_minecraft/libraries/net/minecraftforge/fmlcore/1.20.1-47.3.7/fmlcore-1.20.1-47.3.7.jar is missing mods.toml file
[08Jul2026 01:15:59.111] [main/DEBUG] [net.minecraftforge.fml.loading.moddiscovery.ModFileParser/LOADING]: Considering mod file candidate /workspaces/server1/servidor_minecraft/libraries/net/minecraftforge/javafmllanguage/1.20.1-47.3.7/javafmllanguage-1.20.1-47.3.7.jar
[08Jul2026 01:15:59.112] [main/WARN] [net.minecraftforge.fml.loading.moddiscovery.ModFileParser/LOADING]: Mod file /workspaces/server1/servidor_minecraft/libraries/net/minecraftforge/javafmllanguage/1.20.1-47.3.7/javafmllanguage-1.20.1-47.3.7.jar is missing mods.toml file
[08Jul2026 01:15:59.113] [main/DEBUG] [net.minecraftforge.fml.loading.moddiscovery.ModFileParser/LOADING]: Considering mod file candidate /workspaces/server1/servidor_minecraft/libraries/net/minecraftforge/lowcodelanguage/1.20.1-47.3.7/lowcodelanguage-1.20.1-47.3.7.jar
[08Jul2026 01:15:59.113] [main/WARN] [net.minecraftforge.fml.loading.moddiscovery.ModFileParser/LOADING]: Mod file /workspaces/server1/servidor_minecraft/libraries/net/minecraftforge/lowcodelanguage/1.20.1-47.3.7/lowcodelanguage-1.20.1-47.3.7.jar is missing mods.toml file
[08Jul2026 01:15:59.115] [main/DEBUG] [net.minecraftforge.fml.loading.moddiscovery.ModFileParser/LOADING]: Considering mod file candidate /workspaces/server1/servidor_minecraft/libraries/net/minecraftforge/mclanguage/1.20.1-47.3.7/mclanguage-1.20.1-47.3.7.jar
[08Jul2026 01:15:59.115] [main/WARN] [net.minecraftforge.fml.loading.moddiscovery.ModFileParser/LOADING]: Mod file /workspaces/server1/servidor_minecraft/libraries/net/minecraftforge/mclanguage/1.20.1-47.3.7/mclanguage-1.20.1-47.3.7.jar is missing mods.toml file
[08Jul2026 01:15:59.175] [main/DEBUG] [net.minecraftforge.fml.loading.moddiscovery.ModFileParser/LOADING]: Considering mod file candidate /workspaces/server1/servidor_minecraft/libraries/net/minecraftforge/forge/1.20.1-47.3.7/forge-1.20.1-47.3.7-universal.jar
[08Jul2026 01:15:59.177] [main/DEBUG] [net.minecraftforge.fml.loading.moddiscovery.ModFileInfo/LOADING]: Found valid mod file forge-1.20.1-47.3.7-universal.jar with {forge} mods - versions {47.3.7}
[08Jul2026 01:15:59.198] [main/DEBUG] [net.minecraftforge.fml.loading.moddiscovery.AbstractJarFileDependencyLocator/]: Failed to load resource META-INF/jarjar/metadata.json from server-1.20.1-20230612.114412-srg.jar, it does not contain dependency information.
[08Jul2026 01:15:59.199] [main/DEBUG] [net.minecraftforge.fml.loading.moddiscovery.AbstractJarFileDependencyLocator/]: Failed to load resource META-INF/jarjar/metadata.json from The-Stalker-perk_twixxel-1.20.1.jar, it does not contain dependency information.
[08Jul2026 01:15:59.199] [main/DEBUG] [net.minecraftforge.fml.loading.moddiscovery.AbstractJarFileDependencyLocator/]: Failed to load resource META-INF/jarjar/metadata.json from cloth-config-11.1.136-forge.jar, it does not contain dependency information.
[08Jul2026 01:15:59.199] [main/DEBUG] [net.minecraftforge.fml.loading.moddiscovery.AbstractJarFileDependencyLocator/]: Failed to load resource META-INF/jarjar/metadata.json from forge-1.20.1-47.3.7-universal.jar, it does not contain dependency information.
[08Jul2026 01:15:59.199] [main/DEBUG] [net.minecraftforge.fml.loading.moddiscovery.AbstractJarFileDependencyLocator/]: Failed to load resource META-INF/jarjar/metadata.json from sophisticatedcore-1.20.1-1.3.63.2106.jar, it does not contain dependency information.
[08Jul2026 01:15:59.200] [main/DEBUG] [net.minecraftforge.fml.loading.moddiscovery.AbstractJarFileDependencyLocator/]: Failed to load resource META-INF/jarjar/metadata.json from sophisticatedbackpacks-1.20.1-3.24.59.1960.jar, it does not contain dependency information.
[08Jul2026 01:15:59.200] [main/DEBUG] [net.minecraftforge.fml.loading.moddiscovery.AbstractJarFileDependencyLocator/]: Failed to load resource META-INF/jarjar/metadata.json from gravestone-forge-1.20.1-1.0.35.jar, it does not contain dependency information.
[08Jul2026 01:15:59.200] [main/DEBUG] [net.minecraftforge.fml.loading.moddiscovery.AbstractJarFileDependencyLocator/]: Failed to load resource META-INF/jarjar/metadata.json from mclanguage-1.20.1-47.3.7.jar, it does not contain dependency information.
[08Jul2026 01:15:59.200] [main/DEBUG] [net.minecraftforge.fml.loading.moddiscovery.AbstractJarFileDependencyLocator/]: Failed to load resource META-INF/jarjar/metadata.json from javafmllanguage-1.20.1-47.3.7.jar, it does not contain dependency information.
[08Jul2026 01:15:59.200] [main/DEBUG] [net.minecraftforge.fml.loading.moddiscovery.AbstractJarFileDependencyLocator/]: Failed to load resource META-INF/jarjar/metadata.json from fmlcore-1.20.1-47.3.7.jar, it does not contain dependency information.
[08Jul2026 01:15:59.200] [main/DEBUG] [net.minecraftforge.fml.loading.moddiscovery.AbstractJarFileDependencyLocator/]: Failed to load resource META-INF/jarjar/metadata.json from lowcodelanguage-1.20.1-47.3.7.jar, it does not contain dependency information.
[08Jul2026 01:15:59.255] [main/DEBUG] [net.minecraftforge.fml.loading.moddiscovery.AbstractJarFileDependencyLocator/]: Failed to load resource META-INF/jarjar/metadata.json from mclib-20.jar, it does not contain dependency information.
[08Jul2026 01:15:59.298] [main/INFO] [net.minecraftforge.fml.loading.moddiscovery.JarInJarDependencyLocator/]: Found 1 dependencies adding them to mods collection
[08Jul2026 01:15:59.301] [main/DEBUG] [net.minecraftforge.fml.loading.moddiscovery.ModFileInfo/LOADING]: Found valid mod file server-1.20.1-20230612.114412-srg.jar with {minecraft} mods - versions {1.20.1}
[08Jul2026 01:15:59.304] [main/DEBUG] [net.minecraftforge.fml.loading.moddiscovery.ModFile/LOADING]: Loading mod file /workspaces/server1/servidor_minecraft/libraries/net/minecraft/server/1.20.1-20230612.114412/server-1.20.1-20230612.114412-srg.jar with languages [LanguageSpec[languageName=minecraft, acceptedVersions=1]]
[08Jul2026 01:15:59.305] [main/DEBUG] [net.minecraftforge.fml.loading.moddiscovery.ModFileParser/LOADING]: Considering mod file candidate /workspaces/server1/servidor_minecraft/mods/The-Stalker-perk_twixxel-1.20.1.jar
[08Jul2026 01:15:59.306] [main/DEBUG] [net.minecraftforge.fml.loading.moddiscovery.ModFileInfo/LOADING]: Found valid mod file The-Stalker-perk_twixxel-1.20.1.jar with {stalker} mods - versions {1.0.0}
[08Jul2026 01:15:59.307] [main/DEBUG] [net.minecraftforge.fml.loading.moddiscovery.ModFile/LOADING]: Loading mod file /workspaces/server1/servidor_minecraft/mods/The-Stalker-perk_twixxel-1.20.1.jar with languages [LanguageSpec[languageName=javafml, acceptedVersions=[47,)]]
[08Jul2026 01:15:59.307] [main/DEBUG] [net.minecraftforge.fml.loading.moddiscovery.ModFileParser/LOADING]: Considering mod file candidate /workspaces/server1/servidor_minecraft/mods/cloth-config-11.1.136-forge.jar
[08Jul2026 01:15:59.308] [main/DEBUG] [net.minecraftforge.fml.loading.moddiscovery.ModFileInfo/LOADING]: Found valid mod file cloth-config-11.1.136-forge.jar with {cloth_config} mods - versions {11.1.136}
[08Jul2026 01:15:59.308] [main/DEBUG] [net.minecraftforge.fml.loading.moddiscovery.ModFile/LOADING]: Loading mod file /workspaces/server1/servidor_minecraft/mods/cloth-config-11.1.136-forge.jar with languages [LanguageSpec[languageName=javafml, acceptedVersions=[34,)]]
[08Jul2026 01:15:59.308] [main/DEBUG] [net.minecraftforge.fml.loading.moddiscovery.ModFileParser/LOADING]: Considering mod file candidate /workspaces/server1/servidor_minecraft/libraries/net/minecraftforge/forge/1.20.1-47.3.7/forge-1.20.1-47.3.7-universal.jar
[08Jul2026 01:15:59.309] [main/DEBUG] [net.minecraftforge.fml.loading.moddiscovery.ModFileInfo/LOADING]: Found valid mod file forge-1.20.1-47.3.7-universal.jar with {forge} mods - versions {47.3.7}
[08Jul2026 01:15:59.309] [main/DEBUG] [net.minecraftforge.fml.loading.moddiscovery.ModFile/LOADING]: Loading mod file /workspaces/server1/servidor_minecraft/libraries/net/minecraftforge/forge/1.20.1-47.3.7/forge-1.20.1-47.3.7-universal.jar with languages [LanguageSpec[languageName=javafml, acceptedVersions=[24,]]]
[08Jul2026 01:15:59.312] [main/DEBUG] [net.minecraftforge.fml.loading.moddiscovery.ModFileParser/LOADING]: Found coremod field_to_method with Javascript path coremods/field_to_method.js
[08Jul2026 01:15:59.312] [main/DEBUG] [net.minecraftforge.fml.loading.moddiscovery.ModFileParser/LOADING]: Found coremod field_to_instanceof with Javascript path coremods/field_to_instanceof.js
[08Jul2026 01:15:59.313] [main/DEBUG] [net.minecraftforge.fml.loading.moddiscovery.ModFileParser/LOADING]: Found coremod add_bouncer_method with Javascript path coremods/add_bouncer_method.js
[08Jul2026 01:15:59.313] [main/DEBUG] [net.minecraftforge.fml.loading.moddiscovery.ModFileParser/LOADING]: Found coremod method_redirector with Javascript path coremods/method_redirector.js
[08Jul2026 01:15:59.313] [main/DEBUG] [net.minecraftforge.fml.loading.moddiscovery.ModFile/LOADING]: Found coremod coremods/field_to_method.js
[08Jul2026 01:15:59.313] [main/DEBUG] [net.minecraftforge.fml.loading.moddiscovery.ModFile/LOADING]: Found coremod coremods/field_to_instanceof.js
[08Jul2026 01:15:59.313] [main/DEBUG] [net.minecraftforge.fml.loading.moddiscovery.ModFile/LOADING]: Found coremod coremods/add_bouncer_method.js
[08Jul2026 01:15:59.313] [main/DEBUG] [net.minecraftforge.fml.loading.moddiscovery.ModFile/LOADING]: Found coremod coremods/method_redirector.js
[08Jul2026 01:15:59.314] [main/DEBUG] [net.minecraftforge.fml.loading.moddiscovery.ModFileParser/LOADING]: Considering mod file candidate /workspaces/server1/servidor_minecraft/mods/sophisticatedbackpacks-1.20.1-3.24.59.1960.jar
[08Jul2026 01:15:59.315] [main/DEBUG] [net.minecraftforge.fml.loading.moddiscovery.ModFileInfo/LOADING]: Found valid mod file sophisticatedbackpacks-1.20.1-3.24.59.1960.jar with {sophisticatedbackpacks} mods - versions {3.24.59.1960}
[08Jul2026 01:15:59.316] [main/DEBUG] [net.minecraftforge.fml.loading.moddiscovery.ModFile/LOADING]: Loading mod file /workspaces/server1/servidor_minecraft/mods/sophisticatedbackpacks-1.20.1-3.24.59.1960.jar with languages [LanguageSpec[languageName=javafml, acceptedVersions=[47,)]]
[08Jul2026 01:15:59.316] [main/DEBUG] [net.minecraftforge.fml.loading.moddiscovery.ModFileParser/LOADING]: Considering mod file candidate /workspaces/server1/servidor_minecraft/mods/sophisticatedcore-1.20.1-1.3.63.2106.jar
[08Jul2026 01:15:59.317] [main/DEBUG] [net.minecraftforge.fml.loading.moddiscovery.ModFileInfo/LOADING]: Found valid mod file sophisticatedcore-1.20.1-1.3.63.2106.jar with {sophisticatedcore} mods - versions {1.3.63.2106}
[08Jul2026 01:15:59.317] [main/DEBUG] [net.minecraftforge.fml.loading.moddiscovery.ModFile/LOADING]: Loading mod file /workspaces/server1/servidor_minecraft/mods/sophisticatedcore-1.20.1-1.3.63.2106.jar with languages [LanguageSpec[languageName=javafml, acceptedVersions=[47,)]]
[08Jul2026 01:15:59.317] [main/DEBUG] [net.minecraftforge.fml.loading.moddiscovery.ModFileParser/LOADING]: Considering mod file candidate /workspaces/server1/servidor_minecraft/mods/geckolib-forge-1.20.1-4.8.4.jar
[08Jul2026 01:15:59.318] [main/DEBUG] [net.minecraftforge.fml.loading.moddiscovery.ModFileInfo/LOADING]: Found valid mod file geckolib-forge-1.20.1-4.8.4.jar with {geckolib} mods - versions {4.8.4}
[08Jul2026 01:15:59.319] [main/DEBUG] [net.minecraftforge.fml.loading.moddiscovery.ModFile/LOADING]: Loading mod file /workspaces/server1/servidor_minecraft/mods/geckolib-forge-1.20.1-4.8.4.jar with languages [LanguageSpec[languageName=javafml, acceptedVersions=[47,)]]
[08Jul2026 01:15:59.319] [main/DEBUG] [net.minecraftforge.fml.loading.moddiscovery.ModFileParser/LOADING]: Considering mod file candidate /workspaces/server1/servidor_minecraft/mods/gravestone-forge-1.20.1-1.0.35.jar
[08Jul2026 01:15:59.320] [main/DEBUG] [net.minecraftforge.fml.loading.moddiscovery.ModFileInfo/LOADING]: Found valid mod file gravestone-forge-1.20.1-1.0.35.jar with {gravestone} mods - versions {1.20.1-1.0.35}
[08Jul2026 01:15:59.320] [main/DEBUG] [net.minecraftforge.fml.loading.moddiscovery.ModFile/LOADING]: Loading mod file /workspaces/server1/servidor_minecraft/mods/gravestone-forge-1.20.1-1.0.35.jar with languages [LanguageSpec[languageName=javafml, acceptedVersions=*]]
[08Jul2026 01:15:59.320] [main/DEBUG] [net.minecraftforge.fml.loading.moddiscovery.ModFile/LOADING]: Loading mod file  with languages []
[08Jul2026 01:15:59.321] [main/DEBUG] [net.minecraftforge.fml.loading.moddiscovery.ModFile/LOADING]: Loading mod file  with languages []
[08Jul2026 01:15:59.322] [main/DEBUG] [cpw.mods.modlauncher.TransformationServiceDecorator/MODLAUNCHER]: End scan trigger - transformation service fml
[08Jul2026 01:15:59.335] [main/DEBUG] [net.minecraftforge.fml.loading.LanguageLoadingProvider/CORE]: Found 3 language providers
[08Jul2026 01:15:59.336] [main/DEBUG] [net.minecraftforge.fml.loading.LanguageLoadingProvider/CORE]: Found language provider minecraft, version 1.0
[08Jul2026 01:15:59.337] [main/DEBUG] [net.minecraftforge.fml.loading.LanguageLoadingProvider/CORE]: Found language provider lowcodefml, version 47
[08Jul2026 01:15:59.337] [main/DEBUG] [net.minecraftforge.fml.loading.LanguageLoadingProvider/CORE]: Found language provider javafml, version 47
[08Jul2026 01:15:59.342] [main/DEBUG] [net.minecraftforge.fml.loading.UniqueModListBuilder/]: Found 2 mods for first modid mclib, selecting most recent based on version data
[08Jul2026 01:15:59.343] [main/DEBUG] [net.minecraftforge.fml.loading.UniqueModListBuilder/]: Selected file mclib-20.jar for modid mclib with version 0.0NONE
[08Jul2026 01:15:59.345] [main/DEBUG] [net.minecraftforge.fml.loading.ModSorter/]: Configured system mods: [minecraft, forge]
[08Jul2026 01:15:59.345] [main/DEBUG] [net.minecraftforge.fml.loading.ModSorter/]: Found system mod: minecraft
[08Jul2026 01:15:59.345] [main/DEBUG] [net.minecraftforge.fml.loading.ModSorter/]: Found system mod: forge
[08Jul2026 01:15:59.347] [main/DEBUG] [net.minecraftforge.fml.loading.ModSorter/LOADING]: Found 12 mod requirements (10 mandatory, 2 optional)
[08Jul2026 01:15:59.348] [main/DEBUG] [net.minecraftforge.fml.loading.ModSorter/LOADING]: Found 0 mod requirements missing (0 mandatory, 0 optional)
[08Jul2026 01:15:59.877] [main/DEBUG] [cpw.mods.modlauncher.TransformationServicesHandler/MODLAUNCHER]: Transformation services loading transformers
[08Jul2026 01:15:59.878] [main/DEBUG] [cpw.mods.modlauncher.TransformationServiceDecorator/MODLAUNCHER]: Initializing transformers for transformation service mixin
[08Jul2026 01:15:59.879] [main/DEBUG] [cpw.mods.modlauncher.TransformationServiceDecorator/MODLAUNCHER]: Initialized transformers for transformation service mixin
[08Jul2026 01:15:59.879] [main/DEBUG] [cpw.mods.modlauncher.TransformationServiceDecorator/MODLAUNCHER]: Initializing transformers for transformation service fml
[08Jul2026 01:15:59.879] [main/DEBUG] [net.minecraftforge.fml.loading.FMLServiceProvider/CORE]: Loading coremod transformers
[08Jul2026 01:15:59.879] [main/DEBUG] [net.minecraftforge.coremod.CoreModEngine/COREMOD]: Loading CoreMod from coremods/field_to_method.js
[08Jul2026 01:16:00.081] [main/DEBUG] [net.minecraftforge.coremod.CoreModEngine/COREMOD]: CoreMod loaded successfully
[08Jul2026 01:16:00.081] [main/DEBUG] [net.minecraftforge.coremod.CoreModEngine/COREMOD]: Loading CoreMod from coremods/field_to_instanceof.js
[08Jul2026 01:16:00.172] [main/DEBUG] [net.minecraftforge.coremod.CoreModEngine/COREMOD]: CoreMod loaded successfully
[08Jul2026 01:16:00.172] [main/DEBUG] [net.minecraftforge.coremod.CoreModEngine/COREMOD]: Loading CoreMod from coremods/add_bouncer_method.js
[08Jul2026 01:16:00.210] [main/DEBUG] [net.minecraftforge.coremod.CoreModEngine/COREMOD]: CoreMod loaded successfully
[08Jul2026 01:16:00.211] [main/DEBUG] [net.minecraftforge.coremod.CoreModEngine/COREMOD]: Loading CoreMod from coremods/method_redirector.js
[08Jul2026 01:16:00.276] [main/DEBUG] [net.minecraftforge.coremod.CoreModEngine/COREMOD]: CoreMod loaded successfully
[08Jul2026 01:16:00.286] [main/DEBUG] [cpw.mods.modlauncher.TransformStore/MODLAUNCHER]: Adding transformer net.minecraftforge.coremod.transformer.CoreModClassTransformer@235d29d6 to Target : CLASS {Lnet/minecraft/world/level/biome/Biome;} {} {V}
[08Jul2026 01:16:00.287] [main/DEBUG] [cpw.mods.modlauncher.TransformStore/MODLAUNCHER]: Adding transformer net.minecraftforge.coremod.transformer.CoreModClassTransformer@20d87335 to Target : CLASS {Lnet/minecraft/world/level/levelgen/structure/Structure;} {} {V}
[08Jul2026 01:16:00.288] [main/DEBUG] [cpw.mods.modlauncher.TransformStore/MODLAUNCHER]: Adding transformer net.minecraftforge.coremod.transformer.CoreModClassTransformer@2a8a4e0c to Target : CLASS {Lnet/minecraft/world/effect/MobEffectInstance;} {} {V}
[08Jul2026 01:16:00.288] [main/DEBUG] [cpw.mods.modlauncher.TransformStore/MODLAUNCHER]: Adding transformer net.minecraftforge.coremod.transformer.CoreModClassTransformer@26c89563 to Target : CLASS {Lnet/minecraft/world/level/block/LiquidBlock;} {} {V}
[08Jul2026 01:16:00.288] [main/DEBUG] [cpw.mods.modlauncher.TransformStore/MODLAUNCHER]: Adding transformer net.minecraftforge.coremod.transformer.CoreModClassTransformer@3bd6ba24 to Target : CLASS {Lnet/minecraft/world/item/BucketItem;} {} {V}
[08Jul2026 01:16:00.289] [main/DEBUG] [cpw.mods.modlauncher.TransformStore/MODLAUNCHER]: Adding transformer net.minecraftforge.coremod.transformer.CoreModClassTransformer@58f437b0 to Target : CLASS {Lnet/minecraft/world/level/block/StairBlock;} {} {V}
[08Jul2026 01:16:00.289] [main/DEBUG] [cpw.mods.modlauncher.TransformStore/MODLAUNCHER]: Adding transformer net.minecraftforge.coremod.transformer.CoreModClassTransformer@20f6f88c to Target : CLASS {Lnet/minecraft/world/level/block/FlowerPotBlock;} {} {V}
[08Jul2026 01:16:00.289] [main/DEBUG] [cpw.mods.modlauncher.TransformStore/MODLAUNCHER]: Adding transformer net.minecraftforge.coremod.transformer.CoreModClassTransformer@4277127c to Target : CLASS {Lnet/minecraft/world/item/ItemStack;} {} {V}
[08Jul2026 01:16:00.289] [main/DEBUG] [cpw.mods.modlauncher.TransformStore/MODLAUNCHER]: Adding transformer net.minecraftforge.coremod.transformer.CoreModClassTransformer@4c7e978c to Target : CLASS {Lnet/minecraft/network/play/client/CClientSettingsPacket;} {} {V}
[08Jul2026 01:16:00.290] [main/DEBUG] [cpw.mods.modlauncher.TransformStore/MODLAUNCHER]: Adding transformer net.minecraftforge.coremod.transformer.CoreModClassTransformer@354e7004 to Target : CLASS {Lnet/minecraft/server/commands/RaidCommand;} {} {V}
[08Jul2026 01:16:00.290] [main/DEBUG] [cpw.mods.modlauncher.TransformStore/MODLAUNCHER]: Adding transformer net.minecraftforge.coremod.transformer.CoreModClassTransformer@354e7004 to Target : CLASS {Lnet/minecraft/world/entity/monster/Strider;} {} {V}
[08Jul2026 01:16:00.290] [main/DEBUG] [cpw.mods.modlauncher.TransformStore/MODLAUNCHER]: Adding transformer net.minecraftforge.coremod.transformer.CoreModClassTransformer@354e7004 to Target : CLASS {Lnet/minecraft/world/level/levelgen/structure/structures/OceanMonumentPieces$OceanMonumentPiece;} {} {V}
[08Jul2026 01:16:00.290] [main/DEBUG] [cpw.mods.modlauncher.TransformStore/MODLAUNCHER]: Adding transformer net.minecraftforge.coremod.transformer.CoreModClassTransformer@354e7004 to Target : CLASS {Lnet/minecraft/world/entity/ai/village/VillageSiege;} {} {V}
[08Jul2026 01:16:00.291] [main/DEBUG] [cpw.mods.modlauncher.TransformStore/MODLAUNCHER]: Adding transformer net.minecraftforge.coremod.transformer.CoreModClassTransformer@354e7004 to Target : CLASS {Lnet/minecraft/world/level/levelgen/PhantomSpawner;} {} {V}
[08Jul2026 01:16:00.291] [main/DEBUG] [cpw.mods.modlauncher.TransformStore/MODLAUNCHER]: Adding transformer net.minecraftforge.coremod.transformer.CoreModClassTransformer@354e7004 to Target : CLASS {Lnet/minecraft/world/level/NaturalSpawner;} {} {V}
[08Jul2026 01:16:00.291] [main/DEBUG] [cpw.mods.modlauncher.TransformStore/MODLAUNCHER]: Adding transformer net.minecraftforge.coremod.transformer.CoreModClassTransformer@354e7004 to Target : CLASS {Lnet/minecraft/world/level/levelgen/PatrolSpawner;} {} {V}
[08Jul2026 01:16:00.291] [main/DEBUG] [cpw.mods.modlauncher.TransformStore/MODLAUNCHER]: Adding transformer net.minecraftforge.coremod.transformer.CoreModClassTransformer@354e7004 to Target : CLASS {Lnet/minecraft/world/entity/monster/Spider;} {} {V}
[08Jul2026 01:16:00.292] [main/DEBUG] [cpw.mods.modlauncher.TransformStore/MODLAUNCHER]: Adding transformer net.minecraftforge.coremod.transformer.CoreModClassTransformer@354e7004 to Target : CLASS {Lnet/minecraft/world/entity/npc/Villager;} {} {V}
[08Jul2026 01:16:00.292] [main/DEBUG] [cpw.mods.modlauncher.TransformStore/MODLAUNCHER]: Adding transformer net.minecraftforge.coremod.transformer.CoreModClassTransformer@354e7004 to Target : CLASS {Lnet/minecraft/server/commands/SummonCommand;} {} {V}
[08Jul2026 01:16:00.292] [main/DEBUG] [cpw.mods.modlauncher.TransformStore/MODLAUNCHER]: Adding transformer net.minecraftforge.coremod.transformer.CoreModClassTransformer@354e7004 to Target : CLASS {Lnet/minecraft/world/entity/npc/CatSpawner;} {} {V}
[08Jul2026 01:16:00.292] [main/DEBUG] [cpw.mods.modlauncher.TransformStore/MODLAUNCHER]: Adding transformer net.minecraftforge.coremod.transformer.CoreModClassTransformer@354e7004 to Target : CLASS {Lnet/minecraft/world/level/levelgen/structure/templatesystem/StructureTemplate;} {} {V}
[08Jul2026 01:16:00.292] [main/DEBUG] [cpw.mods.modlauncher.TransformStore/MODLAUNCHER]: Adding transformer net.minecraftforge.coremod.transformer.CoreModClassTransformer@354e7004 to Target : CLASS {Lnet/minecraft/world/level/levelgen/structure/structures/WoodlandMansionPieces$WoodlandMansionPiece;} {} {V}
[08Jul2026 01:16:00.293] [main/DEBUG] [cpw.mods.modlauncher.TransformStore/MODLAUNCHER]: Adding transformer net.minecraftforge.coremod.transformer.CoreModClassTransformer@354e7004 to Target : CLASS {Lnet/minecraft/world/entity/monster/Evoker$EvokerSummonSpellGoal;} {} {V}
[08Jul2026 01:16:00.293] [main/DEBUG] [cpw.mods.modlauncher.TransformStore/MODLAUNCHER]: Adding transformer net.minecraftforge.coremod.transformer.CoreModClassTransformer@354e7004 to Target : CLASS {Lnet/minecraft/world/entity/monster/ZombieVillager;} {} {V}
[08Jul2026 01:16:00.293] [main/DEBUG] [cpw.mods.modlauncher.TransformStore/MODLAUNCHER]: Adding transformer net.minecraftforge.coremod.transformer.CoreModClassTransformer@354e7004 to Target : CLASS {Lnet/minecraft/world/entity/monster/Zombie;} {} {V}
[08Jul2026 01:16:00.293] [main/DEBUG] [cpw.mods.modlauncher.TransformStore/MODLAUNCHER]: Adding transformer net.minecraftforge.coremod.transformer.CoreModClassTransformer@354e7004 to Target : CLASS {Lnet/minecraft/world/level/levelgen/structure/structures/OceanRuinPieces$OceanRuinPiece;} {} {V}
[08Jul2026 01:16:00.294] [main/DEBUG] [cpw.mods.modlauncher.TransformStore/MODLAUNCHER]: Adding transformer net.minecraftforge.coremod.transformer.CoreModClassTransformer@354e7004 to Target : CLASS {Lnet/minecraft/world/entity/EntityType;} {} {V}
[08Jul2026 01:16:00.294] [main/DEBUG] [cpw.mods.modlauncher.TransformStore/MODLAUNCHER]: Adding transformer net.minecraftforge.coremod.transformer.CoreModClassTransformer@354e7004 to Target : CLASS {Lnet/minecraft/world/entity/animal/frog/Tadpole;} {} {V}
[08Jul2026 01:16:00.294] [main/DEBUG] [cpw.mods.modlauncher.TransformStore/MODLAUNCHER]: Adding transformer net.minecraftforge.coremod.transformer.CoreModClassTransformer@354e7004 to Target : CLASS {Lnet/minecraft/world/entity/animal/horse/SkeletonTrapGoal;} {} {V}
[08Jul2026 01:16:00.294] [main/DEBUG] [cpw.mods.modlauncher.TransformStore/MODLAUNCHER]: Adding transformer net.minecraftforge.coremod.transformer.CoreModClassTransformer@354e7004 to Target : CLASS {Lnet/minecraft/world/entity/raid/Raid;} {} {V}
[08Jul2026 01:16:00.294] [main/DEBUG] [cpw.mods.modlauncher.TransformStore/MODLAUNCHER]: Adding transformer net.minecraftforge.coremod.transformer.CoreModClassTransformer@354e7004 to Target : CLASS {Lnet/minecraft/world/level/levelgen/structure/structures/SwampHutPiece;} {} {V}
[08Jul2026 01:16:00.295] [main/DEBUG] [cpw.mods.modlauncher.TransformationServiceDecorator/MODLAUNCHER]: Initialized transformers for transformation service fml
[08Jul2026 01:16:00.917] [main/DEBUG] [mixin/]: Processing prepare() for PlatformAgent[MixinPlatformAgentDefault:ModLauncher Root Container(ModLauncher:4f56a0a2)]
[08Jul2026 01:16:00.917] [main/DEBUG] [mixin/]: Processing launch tasks for PlatformAgent[MixinPlatformAgentDefault:ModLauncher Root Container(ModLauncher:4f56a0a2)]
[08Jul2026 01:16:00.917] [main/DEBUG] [mixin/]: Adding mixin platform agents for container SecureJarResource(minecraft)
[08Jul2026 01:16:00.917] [main/DEBUG] [mixin/]: Instancing new MixinPlatformAgentMinecraftForge for SecureJarResource(minecraft)
[08Jul2026 01:16:00.917] [main/DEBUG] [mixin/]: MixinPlatformAgentMinecraftForge rejected container SecureJarResource(minecraft)
[08Jul2026 01:16:00.918] [main/DEBUG] [mixin/]: Instancing new MixinPlatformAgentDefault for SecureJarResource(minecraft)
[08Jul2026 01:16:00.918] [main/DEBUG] [mixin/]: MixinPlatformAgentDefault accepted container SecureJarResource(minecraft)
[08Jul2026 01:16:00.918] [main/DEBUG] [mixin/]: Processing prepare() for PlatformAgent[MixinPlatformAgentDefault:SecureJarResource(minecraft)]
[08Jul2026 01:16:00.918] [main/DEBUG] [mixin/]: Adding mixin platform agents for container SecureJarResource(stalker)
[08Jul2026 01:16:00.918] [main/DEBUG] [mixin/]: Instancing new MixinPlatformAgentMinecraftForge for SecureJarResource(stalker)
[08Jul2026 01:16:00.918] [main/DEBUG] [mixin/]: MixinPlatformAgentMinecraftForge rejected container SecureJarResource(stalker)
[08Jul2026 01:16:00.918] [main/DEBUG] [mixin/]: Instancing new MixinPlatformAgentDefault for SecureJarResource(stalker)
[08Jul2026 01:16:00.918] [main/DEBUG] [mixin/]: MixinPlatformAgentDefault accepted container SecureJarResource(stalker)
[08Jul2026 01:16:00.919] [main/DEBUG] [mixin/]: Processing prepare() for PlatformAgent[MixinPlatformAgentDefault:SecureJarResource(stalker)]
[08Jul2026 01:16:00.919] [main/DEBUG] [mixin/]: Adding mixin platform agents for container SecureJarResource(cloth_config)
[08Jul2026 01:16:00.919] [main/DEBUG] [mixin/]: Instancing new MixinPlatformAgentMinecraftForge for SecureJarResource(cloth_config)
[08Jul2026 01:16:00.919] [main/DEBUG] [mixin/]: MixinPlatformAgentMinecraftForge rejected container SecureJarResource(cloth_config)
[08Jul2026 01:16:00.919] [main/DEBUG] [mixin/]: Instancing new MixinPlatformAgentDefault for SecureJarResource(cloth_config)
[08Jul2026 01:16:00.919] [main/DEBUG] [mixin/]: MixinPlatformAgentDefault accepted container SecureJarResource(cloth_config)
[08Jul2026 01:16:00.919] [main/DEBUG] [mixin/]: Processing prepare() for PlatformAgent[MixinPlatformAgentDefault:SecureJarResource(cloth_config)]
[08Jul2026 01:16:00.919] [main/DEBUG] [mixin/]: Adding mixin platform agents for container SecureJarResource(forge)
[08Jul2026 01:16:00.919] [main/DEBUG] [mixin/]: Instancing new MixinPlatformAgentMinecraftForge for SecureJarResource(forge)
[08Jul2026 01:16:00.920] [main/DEBUG] [mixin/]: MixinPlatformAgentMinecraftForge rejected container SecureJarResource(forge)
[08Jul2026 01:16:00.920] [main/DEBUG] [mixin/]: Instancing new MixinPlatformAgentDefault for SecureJarResource(forge)
[08Jul2026 01:16:00.920] [main/DEBUG] [mixin/]: MixinPlatformAgentDefault accepted container SecureJarResource(forge)
[08Jul2026 01:16:00.920] [main/DEBUG] [mixin/]: Processing prepare() for PlatformAgent[MixinPlatformAgentDefault:SecureJarResource(forge)]
[08Jul2026 01:16:00.920] [main/DEBUG] [mixin/]: Adding mixin platform agents for container SecureJarResource(sophisticatedcore)
[08Jul2026 01:16:00.920] [main/DEBUG] [mixin/]: Instancing new MixinPlatformAgentMinecraftForge for SecureJarResource(sophisticatedcore)
[08Jul2026 01:16:00.920] [main/DEBUG] [mixin/]: MixinPlatformAgentMinecraftForge rejected container SecureJarResource(sophisticatedcore)
[08Jul2026 01:16:00.922] [main/DEBUG] [mixin/]: Instancing new MixinPlatformAgentDefault for SecureJarResource(sophisticatedcore)
[08Jul2026 01:16:00.922] [main/DEBUG] [mixin/]: MixinPlatformAgentDefault accepted container SecureJarResource(sophisticatedcore)
[08Jul2026 01:16:00.922] [main/DEBUG] [mixin/]: Processing prepare() for PlatformAgent[MixinPlatformAgentDefault:SecureJarResource(sophisticatedcore)]
[08Jul2026 01:16:00.922] [main/DEBUG] [mixin/]: Registering mixin config: sophisticatedcore.mixins.json
[08Jul2026 01:16:00.947] [main/DEBUG] [mixin/]: Compatibility level JAVA_17 specified by sophisticatedcore.mixins.json is higher than the maximum level supported by this version of mixin (JAVA_13).
[08Jul2026 01:16:00.953] [main/INFO] [mixin/]: Compatibility level set to JAVA_17
[08Jul2026 01:16:00.954] [main/DEBUG] [mixin/]: Registering mixin config: sophisticatedcore.create.mixins.json
[08Jul2026 01:16:00.956] [main/DEBUG] [mixin/]: Adding mixin platform agents for container SecureJarResource(sophisticatedbackpacks)
[08Jul2026 01:16:00.956] [main/DEBUG] [mixin/]: Instancing new MixinPlatformAgentMinecraftForge for SecureJarResource(sophisticatedbackpacks)
[08Jul2026 01:16:00.956] [main/DEBUG] [mixin/]: MixinPlatformAgentMinecraftForge rejected container SecureJarResource(sophisticatedbackpacks)
[08Jul2026 01:16:00.957] [main/DEBUG] [mixin/]: Instancing new MixinPlatformAgentDefault for SecureJarResource(sophisticatedbackpacks)
[08Jul2026 01:16:00.957] [main/DEBUG] [mixin/]: MixinPlatformAgentDefault accepted container SecureJarResource(sophisticatedbackpacks)
[08Jul2026 01:16:00.957] [main/DEBUG] [mixin/]: Processing prepare() for PlatformAgent[MixinPlatformAgentDefault:SecureJarResource(sophisticatedbackpacks)]
[08Jul2026 01:16:00.957] [main/DEBUG] [mixin/]: Registering mixin config: sophisticatedbackpacks.mixins.json
[08Jul2026 01:16:00.959] [main/DEBUG] [mixin/]: Adding mixin platform agents for container SecureJarResource(geckolib)
[08Jul2026 01:16:00.959] [main/DEBUG] [mixin/]: Instancing new MixinPlatformAgentMinecraftForge for SecureJarResource(geckolib)
[08Jul2026 01:16:00.960] [main/DEBUG] [mixin/]: MixinPlatformAgentMinecraftForge rejected container SecureJarResource(geckolib)
[08Jul2026 01:16:00.960] [main/DEBUG] [mixin/]: Instancing new MixinPlatformAgentDefault for SecureJarResource(geckolib)
[08Jul2026 01:16:00.960] [main/DEBUG] [mixin/]: MixinPlatformAgentDefault accepted container SecureJarResource(geckolib)
[08Jul2026 01:16:00.961] [main/DEBUG] [mixin/]: Processing prepare() for PlatformAgent[MixinPlatformAgentDefault:SecureJarResource(geckolib)]
[08Jul2026 01:16:00.961] [main/DEBUG] [mixin/]: Registering mixin config: geckolib.mixins.json
[08Jul2026 01:16:00.963] [main/DEBUG] [mixin/]: Adding mixin platform agents for container SecureJarResource(gravestone)
[08Jul2026 01:16:00.963] [main/DEBUG] [mixin/]: Instancing new MixinPlatformAgentMinecraftForge for SecureJarResource(gravestone)
[08Jul2026 01:16:00.964] [main/DEBUG] [mixin/]: MixinPlatformAgentMinecraftForge rejected container SecureJarResource(gravestone)
[08Jul2026 01:16:00.964] [main/DEBUG] [mixin/]: Instancing new MixinPlatformAgentDefault for SecureJarResource(gravestone)
[08Jul2026 01:16:00.964] [main/DEBUG] [mixin/]: MixinPlatformAgentDefault accepted container SecureJarResource(gravestone)
[08Jul2026 01:16:00.965] [main/DEBUG] [mixin/]: Processing prepare() for PlatformAgent[MixinPlatformAgentDefault:SecureJarResource(gravestone)]
[08Jul2026 01:16:00.965] [main/DEBUG] [mixin/]: Adding mixin platform agents for container SecureJarResource(mclib)
[08Jul2026 01:16:00.965] [main/DEBUG] [mixin/]: Instancing new MixinPlatformAgentMinecraftForge for SecureJarResource(mclib)
[08Jul2026 01:16:00.965] [main/DEBUG] [mixin/]: MixinPlatformAgentMinecraftForge rejected container SecureJarResource(mclib)
[08Jul2026 01:16:00.966] [main/DEBUG] [mixin/]: Instancing new MixinPlatformAgentDefault for SecureJarResource(mclib)
[08Jul2026 01:16:00.966] [main/DEBUG] [mixin/]: MixinPlatformAgentDefault accepted container SecureJarResource(mclib)
[08Jul2026 01:16:00.966] [main/DEBUG] [mixin/]: Processing prepare() for PlatformAgent[MixinPlatformAgentDefault:SecureJarResource(mclib)]
[08Jul2026 01:16:00.966] [main/DEBUG] [mixin/]: inject() running with 10 agents
[08Jul2026 01:16:00.967] [main/DEBUG] [mixin/]: Processing inject() for PlatformAgent[MixinPlatformAgentDefault:ModLauncher Root Container(ModLauncher:4f56a0a2)]
[08Jul2026 01:16:00.967] [main/DEBUG] [mixin/]: Processing inject() for PlatformAgent[MixinPlatformAgentDefault:SecureJarResource(minecraft)]
[08Jul2026 01:16:00.967] [main/DEBUG] [mixin/]: Processing inject() for PlatformAgent[MixinPlatformAgentDefault:SecureJarResource(stalker)]
[08Jul2026 01:16:00.967] [main/DEBUG] [mixin/]: Processing inject() for PlatformAgent[MixinPlatformAgentDefault:SecureJarResource(cloth_config)]
[08Jul2026 01:16:00.968] [main/DEBUG] [mixin/]: Processing inject() for PlatformAgent[MixinPlatformAgentDefault:SecureJarResource(forge)]
[08Jul2026 01:16:00.968] [main/DEBUG] [mixin/]: Processing inject() for PlatformAgent[MixinPlatformAgentDefault:SecureJarResource(sophisticatedcore)]
[08Jul2026 01:16:00.968] [main/DEBUG] [mixin/]: Processing inject() for PlatformAgent[MixinPlatformAgentDefault:SecureJarResource(sophisticatedbackpacks)]
[08Jul2026 01:16:00.968] [main/DEBUG] [mixin/]: Processing inject() for PlatformAgent[MixinPlatformAgentDefault:SecureJarResource(geckolib)]
[08Jul2026 01:16:00.969] [main/DEBUG] [mixin/]: Processing inject() for PlatformAgent[MixinPlatformAgentDefault:SecureJarResource(gravestone)]
[08Jul2026 01:16:00.969] [main/DEBUG] [mixin/]: Processing inject() for PlatformAgent[MixinPlatformAgentDefault:SecureJarResource(mclib)]
[08Jul2026 01:16:00.969] [main/INFO] [cpw.mods.modlauncher.LaunchServiceHandler/MODLAUNCHER]: Launching target 'forgeserver' with arguments [nogui]
[08Jul2026 01:16:01.010] [main/DEBUG] [mixin/]: Error cleaning class output directory: .mixin.out
[08Jul2026 01:16:01.012] [main/DEBUG] [mixin/]: Preparing mixins for MixinEnvironment[DEFAULT]
[08Jul2026 01:16:01.013] [main/DEBUG] [mixin/]: Selecting config sophisticatedcore.mixins.json
[08Jul2026 01:16:01.017] [main/DEBUG] [mixin/]: Selecting config sophisticatedcore.create.mixins.json
[08Jul2026 01:16:01.026] [main/DEBUG] [mixin/]: Selecting config sophisticatedbackpacks.mixins.json
[08Jul2026 01:16:01.027] [main/DEBUG] [mixin/]: Selecting config geckolib.mixins.json
[08Jul2026 01:16:01.029] [main/DEBUG] [mixin/]: Preparing sophisticatedcore.mixins.json (3)
[08Jul2026 01:16:01.098] [main/DEBUG] [mixin/]: Preparing sophisticatedcore.create.mixins.json (1)
[08Jul2026 01:16:01.100] [main/DEBUG] [mixin/]: Preparing sophisticatedbackpacks.mixins.json (1)
[08Jul2026 01:16:01.137] [main/DEBUG] [mixin/]: Preparing geckolib.mixins.json (1)
[08Jul2026 01:16:01.162] [main/DEBUG] [mixin/]: Registering new injector for @Inject with org.spongepowered.asm.mixin.injection.struct.CallbackInjectionInfo
[08Jul2026 01:16:01.166] [main/DEBUG] [mixin/]: Registering new injector for @ModifyArg with org.spongepowered.asm.mixin.injection.struct.ModifyArgInjectionInfo
[08Jul2026 01:16:01.167] [main/DEBUG] [mixin/]: Registering new injector for @ModifyArgs with org.spongepowered.asm.mixin.injection.struct.ModifyArgsInjectionInfo
[08Jul2026 01:16:01.169] [main/DEBUG] [mixin/]: Registering new injector for @Redirect with org.spongepowered.asm.mixin.injection.struct.RedirectInjectionInfo
[08Jul2026 01:16:01.171] [main/DEBUG] [mixin/]: Registering new injector for @ModifyVariable with org.spongepowered.asm.mixin.injection.struct.ModifyVariableInjectionInfo
[08Jul2026 01:16:01.172] [main/DEBUG] [mixin/]: Registering new injector for @ModifyConstant with org.spongepowered.asm.mixin.injection.struct.ModifyConstantInjectionInfo
[08Jul2026 01:16:01.259] [main/DEBUG] [io.netty.util.internal.logging.InternalLoggerFactory/]: Using SLF4J as the default logging framework
[08Jul2026 01:16:01.265] [main/DEBUG] [io.netty.util.ResourceLeakDetector/]: -Dio.netty.leakDetection.level: simple
[08Jul2026 01:16:01.267] [main/DEBUG] [io.netty.util.ResourceLeakDetector/]: -Dio.netty.leakDetection.targetRecords: 4
[08Jul2026 01:16:01.634] [main/DEBUG] [oshi.util.FileUtil/]: No oshi.properties file found from ClassLoader cpw.mods.modlauncher.TransformingClassLoader@7fb48179
[08Jul2026 01:16:01.635] [main/DEBUG] [oshi.util.FileUtil/]: No oshi.properties file found from ClassLoader jdk.internal.loader.ClassLoaders$AppClassLoader@76ed5528
[08Jul2026 01:16:01.746] [main/DEBUG] [oshi.util.FileUtil/]: Reading file /proc/self/auxv
[08Jul2026 01:16:01.748] [main/DEBUG] [oshi.util.FileUtil/]: Reading file /proc/self/auxv
[08Jul2026 01:16:01.761] [main/DEBUG] [oshi.util.FileUtil/]: Reading file /proc/stat
[08Jul2026 01:16:01.771] [main/DEBUG] [oshi.util.FileUtil/]: Reading file /sys/devices/system/cpu/cpu0/topology/core_id
[08Jul2026 01:16:01.772] [main/DEBUG] [oshi.util.FileUtil/]: Reading file /sys/devices/system/cpu/cpu0/topology/core_id
[08Jul2026 01:16:01.772] [main/DEBUG] [oshi.util.FileUtil/]: Reading file /sys/devices/system/cpu/cpu0/topology/physical_package_id
[08Jul2026 01:16:01.773] [main/DEBUG] [oshi.util.FileUtil/]: Reading file /sys/devices/system/cpu/cpu0/topology/physical_package_id
[08Jul2026 01:16:01.773] [main/DEBUG] [oshi.util.FileUtil/]: Reading file /sys/devices/system/cpu/cpu0/cpu_capacity
[08Jul2026 01:16:01.776] [main/DEBUG] [oshi.util.FileUtil/]: Reading file /sys/devices/system/cpu/cpu1/topology/core_id
[08Jul2026 01:16:01.777] [main/DEBUG] [oshi.util.FileUtil/]: Reading file /sys/devices/system/cpu/cpu1/topology/core_id
[08Jul2026 01:16:01.777] [main/DEBUG] [oshi.util.FileUtil/]: Reading file /sys/devices/system/cpu/cpu1/topology/physical_package_id
[08Jul2026 01:16:01.778] [main/DEBUG] [oshi.util.FileUtil/]: Reading file /sys/devices/system/cpu/cpu1/topology/physical_package_id
[08Jul2026 01:16:01.778] [main/DEBUG] [oshi.util.FileUtil/]: Reading file /sys/devices/system/cpu/cpu1/cpu_capacity
[08Jul2026 01:16:01.779] [main/DEBUG] [oshi.util.FileUtil/]: Reading file /sys/devices/system/cpu/cpu2/topology/core_id
[08Jul2026 01:16:01.780] [main/DEBUG] [oshi.util.FileUtil/]: Reading file /sys/devices/system/cpu/cpu2/topology/core_id
[08Jul2026 01:16:01.780] [main/DEBUG] [oshi.util.FileUtil/]: Reading file /sys/devices/system/cpu/cpu2/topology/physical_package_id
[08Jul2026 01:16:01.780] [main/DEBUG] [oshi.util.FileUtil/]: Reading file /sys/devices/system/cpu/cpu2/topology/physical_package_id
[08Jul2026 01:16:01.781] [main/DEBUG] [oshi.util.FileUtil/]: Reading file /sys/devices/system/cpu/cpu2/cpu_capacity
[08Jul2026 01:16:01.782] [main/DEBUG] [oshi.util.FileUtil/]: Reading file /sys/devices/system/cpu/cpu3/topology/core_id
[08Jul2026 01:16:01.782] [main/DEBUG] [oshi.util.FileUtil/]: Reading file /sys/devices/system/cpu/cpu3/topology/core_id
[08Jul2026 01:16:01.783] [main/DEBUG] [oshi.util.FileUtil/]: Reading file /sys/devices/system/cpu/cpu3/topology/physical_package_id
[08Jul2026 01:16:01.783] [main/DEBUG] [oshi.util.FileUtil/]: Reading file /sys/devices/system/cpu/cpu3/topology/physical_package_id
[08Jul2026 01:16:01.783] [main/DEBUG] [oshi.util.FileUtil/]: Reading file /sys/devices/system/cpu/cpu3/cpu_capacity
[08Jul2026 01:16:01.786] [main/DEBUG] [oshi.util.FileUtil/]: Reading file /proc/cpuinfo
[08Jul2026 01:16:01.811] [main/DEBUG] [oshi.util.FileUtil/]: Reading file /proc/self/auxv
[08Jul2026 01:16:01.814] [main/DEBUG] [oshi.util.FileUtil/]: No oshi.architecture.properties file found from ClassLoader cpw.mods.modlauncher.TransformingClassLoader@7fb48179
[08Jul2026 01:16:01.815] [main/DEBUG] [oshi.util.FileUtil/]: No oshi.architecture.properties file found from ClassLoader jdk.internal.loader.ClassLoaders$AppClassLoader@76ed5528
[08Jul2026 01:16:01.842] [main/DEBUG] [oshi.util.FileUtil/]: Reading file /proc/meminfo
[08Jul2026 01:16:01.844] [main/DEBUG] [oshi.util.FileUtil/]: Reading file /proc/meminfo
[08Jul2026 01:16:02.524] [main/DEBUG] [net.minecraftforge.coremod.transformer.CoreModBaseTransformer/COREMOD]: Transforming net/minecraft/world/entity/EntityType
[08Jul2026 01:16:03.433] [main/DEBUG] [net.minecraftforge.coremod.transformer.CoreModBaseTransformer/COREMOD]: Transforming net/minecraft/world/level/block/LiquidBlock
[08Jul2026 01:16:03.515] [main/DEBUG] [net.minecraftforge.coremod.transformer.CoreModBaseTransformer/COREMOD]: Transforming net/minecraft/world/level/block/StairBlock
[08Jul2026 01:16:03.624] [main/DEBUG] [net.minecraftforge.coremod.transformer.CoreModBaseTransformer/COREMOD]: Transforming net/minecraft/world/level/block/FlowerPotBlock
[08Jul2026 01:16:04.725] [main/DEBUG] [mixin/]: Mixing MobAccessor from sophisticatedbackpacks.mixins.json into net.minecraft.world.entity.Mob
[08Jul2026 01:16:04.947] [main/DEBUG] [net.minecraftforge.coremod.transformer.CoreModBaseTransformer/COREMOD]: Transforming net/minecraft/world/item/ItemStack
[08Jul2026 01:16:05.720] [main/DEBUG] [net.minecraftforge.coremod.transformer.CoreModBaseTransformer/COREMOD]: Transforming net/minecraft/world/entity/animal/frog/Tadpole
[08Jul2026 01:16:05.773] [main/DEBUG] [net.minecraftforge.coremod.transformer.CoreModBaseTransformer/COREMOD]: Transforming net/minecraft/world/item/BucketItem
[08Jul2026 01:16:05.839] [main/DEBUG] [mixin/]: Mixing MixinAllay from sophisticatedcore.mixins.json into net.minecraft.world.entity.animal.allay.Allay
[08Jul2026 01:16:06.793] [main/DEBUG] [net.minecraftforge.coremod.transformer.CoreModBaseTransformer/COREMOD]: Transforming net/minecraft/world/entity/monster/Spider
[08Jul2026 01:16:06.854] [main/DEBUG] [net.minecraftforge.coremod.transformer.CoreModBaseTransformer/COREMOD]: Transforming net/minecraft/world/entity/monster/Zombie
[08Jul2026 01:16:06.915] [main/DEBUG] [net.minecraftforge.coremod.transformer.CoreModBaseTransformer/COREMOD]: Transforming net/minecraft/world/entity/monster/ZombieVillager
[08Jul2026 01:16:06.994] [main/DEBUG] [net.minecraftforge.coremod.transformer.CoreModBaseTransformer/COREMOD]: Transforming net/minecraft/world/entity/monster/Evoker$EvokerSummonSpellGoal
[08Jul2026 01:16:07.173] [main/DEBUG] [net.minecraftforge.coremod.transformer.CoreModBaseTransformer/COREMOD]: Transforming net/minecraft/world/entity/animal/horse/SkeletonTrapGoal
[08Jul2026 01:16:07.217] [main/DEBUG] [net.minecraftforge.coremod.transformer.CoreModBaseTransformer/COREMOD]: Transforming net/minecraft/world/entity/monster/Strider
[08Jul2026 01:16:07.378] [main/DEBUG] [net.minecraftforge.coremod.transformer.CoreModBaseTransformer/COREMOD]: Transforming net/minecraft/world/entity/npc/Villager
[08Jul2026 01:16:07.520] [main/DEBUG] [net.minecraftforge.coremod.transformer.CoreModBaseTransformer/COREMOD]: Transforming net/minecraft/world/effect/MobEffectInstance
[08Jul2026 01:16:08.278] [main/DEBUG] [net.minecraftforge.coremod.transformer.CoreModBaseTransformer/COREMOD]: Transforming net/minecraft/world/level/levelgen/structure/Structure
[08Jul2026 01:16:08.320] [main/DEBUG] [net.minecraftforge.coremod.transformer.CoreModBaseTransformer/COREMOD]: Transforming net/minecraft/world/level/levelgen/structure/structures/OceanRuinPieces$OceanRuinPiece
[08Jul2026 01:16:08.339] [main/DEBUG] [net.minecraftforge.coremod.transformer.CoreModBaseTransformer/COREMOD]: Transforming net/minecraft/world/level/levelgen/structure/structures/SwampHutPiece
[08Jul2026 01:16:08.359] [main/DEBUG] [net.minecraftforge.coremod.transformer.CoreModBaseTransformer/COREMOD]: Transforming net/minecraft/world/level/levelgen/structure/structures/OceanMonumentPieces$OceanMonumentPiece
[08Jul2026 01:16:08.385] [main/DEBUG] [net.minecraftforge.coremod.transformer.CoreModBaseTransformer/COREMOD]: Transforming net/minecraft/world/level/levelgen/structure/structures/WoodlandMansionPieces$WoodlandMansionPiece
[08Jul2026 01:16:08.542] [main/DEBUG] [net.minecraftforge.coremod.transformer.CoreModBaseTransformer/COREMOD]: Transforming net/minecraft/world/level/biome/Biome
[08Jul2026 01:16:08.894] [main/DEBUG] [net.minecraftforge.common.ForgeI18n/CORE]: Loading I18N data entries: 6430
[08Jul2026 01:16:08.923] [main/DEBUG] [net.minecraftforge.fml.ModWorkManager/LOADING]: Using 4 threads for parallel mod-loading
[08Jul2026 01:16:08.934] [main/DEBUG] [net.minecraftforge.fml.javafmlmod.FMLJavaModLanguageProvider/LOADING]: Loading FMLModContainer from classloader cpw.mods.modlauncher.TransformingClassLoader@7fb48179 - got cpw.mods.cl.ModuleClassLoader@775594f2
[08Jul2026 01:16:08.935] [main/DEBUG] [net.minecraftforge.fml.javafmlmod.FMLModContainer/LOADING]: Creating FMLModContainer instance for com.thestalker.TheStalker
[08Jul2026 01:16:08.944] [main/DEBUG] [net.minecraftforge.fml.javafmlmod.FMLJavaModLanguageProvider/LOADING]: Loading FMLModContainer from classloader cpw.mods.modlauncher.TransformingClassLoader@7fb48179 - got cpw.mods.cl.ModuleClassLoader@775594f2
[08Jul2026 01:16:08.945] [main/DEBUG] [net.minecraftforge.fml.javafmlmod.FMLModContainer/LOADING]: Creating FMLModContainer instance for me.shedaniel.clothconfig.ClothConfigForge
[08Jul2026 01:16:08.948] [main/DEBUG] [net.minecraftforge.fml.javafmlmod.FMLJavaModLanguageProvider/LOADING]: Loading FMLModContainer from classloader cpw.mods.modlauncher.TransformingClassLoader@7fb48179 - got cpw.mods.cl.ModuleClassLoader@775594f2
[08Jul2026 01:16:08.948] [main/DEBUG] [net.minecraftforge.fml.javafmlmod.FMLModContainer/LOADING]: Creating FMLModContainer instance for net.minecraftforge.common.ForgeMod
[08Jul2026 01:16:08.952] [main/DEBUG] [net.minecraftforge.fml.javafmlmod.FMLJavaModLanguageProvider/LOADING]: Loading FMLModContainer from classloader cpw.mods.modlauncher.TransformingClassLoader@7fb48179 - got cpw.mods.cl.ModuleClassLoader@775594f2
[08Jul2026 01:16:08.952] [main/DEBUG] [net.minecraftforge.fml.javafmlmod.FMLModContainer/LOADING]: Creating FMLModContainer instance for net.p3pp3rf1y.sophisticatedcore.SophisticatedCore
[08Jul2026 01:16:08.954] [main/DEBUG] [net.minecraftforge.fml.javafmlmod.FMLJavaModLanguageProvider/LOADING]: Loading FMLModContainer from classloader cpw.mods.modlauncher.TransformingClassLoader@7fb48179 - got cpw.mods.cl.ModuleClassLoader@775594f2
[08Jul2026 01:16:08.954] [main/DEBUG] [net.minecraftforge.fml.javafmlmod.FMLModContainer/LOADING]: Creating FMLModContainer instance for net.p3pp3rf1y.sophisticatedbackpacks.SophisticatedBackpacks
[08Jul2026 01:16:08.955] [main/DEBUG] [net.minecraftforge.fml.javafmlmod.FMLJavaModLanguageProvider/LOADING]: Loading FMLModContainer from classloader cpw.mods.modlauncher.TransformingClassLoader@7fb48179 - got cpw.mods.cl.ModuleClassLoader@775594f2
[08Jul2026 01:16:08.955] [main/DEBUG] [net.minecraftforge.fml.javafmlmod.FMLModContainer/LOADING]: Creating FMLModContainer instance for software.bernie.example.GeckoLibMod
[08Jul2026 01:16:08.956] [main/DEBUG] [net.minecraftforge.fml.javafmlmod.FMLJavaModLanguageProvider/LOADING]: Loading FMLModContainer from classloader cpw.mods.modlauncher.TransformingClassLoader@7fb48179 - got cpw.mods.cl.ModuleClassLoader@775594f2
[08Jul2026 01:16:08.956] [main/DEBUG] [net.minecraftforge.fml.javafmlmod.FMLModContainer/LOADING]: Creating FMLModContainer instance for de.maxhenkel.gravestone.Main
[08Jul2026 01:16:08.985] [modloading-worker-0/DEBUG] [net.minecraftforge.fml.javafmlmod.AutomaticEventSubscriber/LOADING]: Attempting to inject @EventBusSubscriber classes into the eventbus for cloth_config
[08Jul2026 01:16:09.034] [modloading-worker-0/DEBUG] [net.minecraftforge.fml.config.ConfigTracker/CONFIG]: Config file stalker-common.toml for stalker tracking
[08Jul2026 01:16:09.034] [modloading-worker-0/DEBUG] [net.minecraftforge.versions.forge.ForgeVersion/CORE]: Forge Version package package net.minecraftforge.versions.forge, Forge, version 47.3 from cpw.mods.modlauncher.TransformingClassLoader@7fb48179
[08Jul2026 01:16:09.035] [modloading-worker-0/DEBUG] [net.minecraftforge.versions.forge.ForgeVersion/CORE]: Found Forge version 47.3.7
[08Jul2026 01:16:09.037] [modloading-worker-0/DEBUG] [net.minecraftforge.versions.forge.ForgeVersion/CORE]: Found Forge spec 47.3
[08Jul2026 01:16:09.037] [modloading-worker-0/DEBUG] [net.minecraftforge.versions.forge.ForgeVersion/CORE]: Found Forge group net.minecraftforge
[08Jul2026 01:16:09.038] [modloading-worker-0/DEBUG] [net.minecraftforge.versions.mcp.MCPVersion/CORE]: MCP Version package package net.minecraftforge.versions.mcp, Minecraft, version 1.20.1 from cpw.mods.modlauncher.TransformingClassLoader@7fb48179
[08Jul2026 01:16:09.035] [modloading-worker-0/DEBUG] [net.minecraftforge.fml.config.ConfigTracker/CONFIG]: Config file sophisticatedcore-common.toml for sophisticatedcore tracking
[08Jul2026 01:16:09.038] [modloading-worker-0/DEBUG] [net.minecraftforge.fml.config.ConfigTracker/CONFIG]: Config file sophisticatedcore-client.toml for sophisticatedcore tracking
[08Jul2026 01:16:09.041] [modloading-worker-0/DEBUG] [net.minecraftforge.versions.mcp.MCPVersion/CORE]: Found MC version information 1.20.1
[08Jul2026 01:16:09.041] [modloading-worker-0/DEBUG] [net.minecraftforge.versions.mcp.MCPVersion/CORE]: Found MCP version information 20230612.114412
[08Jul2026 01:16:09.041] [modloading-worker-0/INFO] [net.minecraftforge.common.ForgeMod/FORGEMOD]: Forge mod loading, version 47.3.7, for MC 1.20.1 with MCP 20230612.114412
[08Jul2026 01:16:09.041] [modloading-worker-0/INFO] [net.minecraftforge.common.MinecraftForge/FORGE]: MinecraftForge v47.3.7 Initialized
[08Jul2026 01:16:09.059] [modloading-worker-0/DEBUG] [net.minecraftforge.fml.javafmlmod.AutomaticEventSubscriber/LOADING]: Attempting to inject @EventBusSubscriber classes into the eventbus for stalker
[08Jul2026 01:16:09.174] [modloading-worker-0/DEBUG] [net.minecraftforge.fml.config.ConfigTracker/CONFIG]: Config file sophisticatedbackpacks-server.toml for sophisticatedbackpacks tracking
[08Jul2026 01:16:09.175] [modloading-worker-0/DEBUG] [net.minecraftforge.fml.config.ConfigTracker/CONFIG]: Config file sophisticatedbackpacks-common.toml for sophisticatedbackpacks tracking
[08Jul2026 01:16:09.183] [modloading-worker-0/DEBUG] [net.minecraftforge.fml.javafmlmod.AutomaticEventSubscriber/LOADING]: Attempting to inject @EventBusSubscriber classes into the eventbus for sophisticatedcore
[08Jul2026 01:16:09.186] [modloading-worker-0/DEBUG] [net.minecraftforge.fml.javafmlmod.AutomaticEventSubscriber/LOADING]: Attempting to inject @EventBusSubscriber classes into the eventbus for geckolib
[08Jul2026 01:16:09.187] [modloading-worker-0/DEBUG] [net.minecraftforge.fml.javafmlmod.AutomaticEventSubscriber/LOADING]: Auto-subscribing software.bernie.example.GeckoLibMod to FORGE
[08Jul2026 01:16:09.188] [modloading-worker-0/DEBUG] [net.minecraftforge.fml.javafmlmod.AutomaticEventSubscriber/LOADING]: Auto-subscribing software.bernie.example.CommonListener to MOD
[08Jul2026 01:16:09.197] [modloading-worker-0/DEBUG] [net.minecraftforge.fml.config.ConfigTracker/CONFIG]: Config file gravestone-server.toml for gravestone tracking
[08Jul2026 01:16:09.199] [modloading-worker-0/DEBUG] [net.minecraftforge.fml.config.ConfigTracker/CONFIG]: Config file gravestone-client.toml for gravestone tracking
[08Jul2026 01:16:09.200] [modloading-worker-0/DEBUG] [net.minecraftforge.fml.javafmlmod.AutomaticEventSubscriber/LOADING]: Attempting to inject @EventBusSubscriber classes into the eventbus for gravestone
[08Jul2026 01:16:09.200] [modloading-worker-0/DEBUG] [net.minecraftforge.fml.javafmlmod.AutomaticEventSubscriber/LOADING]: Auto-subscribing de.maxhenkel.gravestone.Main to FORGE
[08Jul2026 01:16:09.247] [modloading-worker-0/DEBUG] [io.netty.util.internal.PlatformDependent0/]: -Dio.netty.noUnsafe: false
[08Jul2026 01:16:09.248] [modloading-worker-0/DEBUG] [io.netty.util.internal.PlatformDependent0/]: Java version: 17
[08Jul2026 01:16:09.249] [modloading-worker-0/DEBUG] [io.netty.util.internal.PlatformDependent0/]: sun.misc.Unsafe.theUnsafe: available
[08Jul2026 01:16:09.250] [modloading-worker-0/DEBUG] [io.netty.util.internal.PlatformDependent0/]: sun.misc.Unsafe.copyMemory: available
[08Jul2026 01:16:09.250] [modloading-worker-0/DEBUG] [io.netty.util.internal.PlatformDependent0/]: sun.misc.Unsafe.storeFence: available
[08Jul2026 01:16:09.250] [modloading-worker-0/DEBUG] [io.netty.util.internal.PlatformDependent0/]: java.nio.Buffer.address: available
[08Jul2026 01:16:09.251] [modloading-worker-0/DEBUG] [io.netty.util.internal.PlatformDependent0/]: direct buffer constructor: unavailable
java.lang.UnsupportedOperationException: Reflective setAccessible(true) disabled
	at io.netty.util.internal.ReflectionUtil.trySetAccessible(ReflectionUtil.java:31) ~[netty-common-4.1.82.Final.jar%2382!/:4.1.82.Final]
	at io.netty.util.internal.PlatformDependent0$5.run(PlatformDependent0.java:288) ~[netty-common-4.1.82.Final.jar%2382!/:4.1.82.Final]
	at java.security.AccessController.doPrivileged(AccessController.java:318) ~[?:?]
	at io.netty.util.internal.PlatformDependent0.<clinit>(PlatformDependent0.java:282) ~[netty-common-4.1.82.Final.jar%2382!/:4.1.82.Final]
	at io.netty.util.internal.PlatformDependent.isAndroid(PlatformDependent.java:333) ~[netty-common-4.1.82.Final.jar%2382!/:4.1.82.Final]
	at io.netty.util.internal.PlatformDependent.<clinit>(PlatformDependent.java:88) ~[netty-common-4.1.82.Final.jar%2382!/:4.1.82.Final]
	at io.netty.util.ConstantPool.<init>(ConstantPool.java:34) ~[netty-common-4.1.82.Final.jar%2382!/:4.1.82.Final]
	at io.netty.util.AttributeKey$1.<init>(AttributeKey.java:27) ~[netty-common-4.1.82.Final.jar%2382!/:4.1.82.Final]
	at io.netty.util.AttributeKey.<clinit>(AttributeKey.java:27) ~[netty-common-4.1.82.Final.jar%2382!/:4.1.82.Final]
	at net.minecraftforge.network.NetworkConstants.<clinit>(NetworkConstants.java:34) ~[forge-1.20.1-47.3.7-universal.jar%23118!/:?]
	at net.minecraftforge.common.ForgeMod.<init>(ForgeMod.java:429) ~[forge-1.20.1-47.3.7-universal.jar%23118!/:?]
	at jdk.internal.reflect.NativeConstructorAccessorImpl.newInstance0(Native Method) ~[?:?]
	at jdk.internal.reflect.NativeConstructorAccessorImpl.newInstance(NativeConstructorAccessorImpl.java:77) ~[?:?]
	at jdk.internal.reflect.DelegatingConstructorAccessorImpl.newInstance(DelegatingConstructorAccessorImpl.java:45) ~[?:?]
	at java.lang.reflect.Constructor.newInstanceWithCaller(Constructor.java:500) ~[?:?]
	at java.lang.reflect.Constructor.newInstance(Constructor.java:481) ~[?:?]
	at net.minecraftforge.fml.javafmlmod.FMLModContainer.constructMod(FMLModContainer.java:70) ~[javafmllanguage-1.20.1-47.3.7.jar%23115!/:?]
	at net.minecraftforge.fml.ModContainer.lambda$buildTransitionHandler$4(ModContainer.java:124) ~[fmlcore-1.20.1-47.3.7.jar%23114!/:?]
	at java.util.concurrent.CompletableFuture$AsyncRun.run(CompletableFuture.java:1804) ~[?:?]
	at java.util.concurrent.CompletableFuture$AsyncRun.exec(CompletableFuture.java:1796) ~[?:?]
	at java.util.concurrent.ForkJoinTask.doExec(ForkJoinTask.java:373) ~[?:?]
	at java.util.concurrent.ForkJoinPool$WorkQueue.topLevelExec(ForkJoinPool.java:1182) ~[?:?]
	at java.util.concurrent.ForkJoinPool.scan(ForkJoinPool.java:1655) ~[?:?]
	at java.util.concurrent.ForkJoinPool.runWorker(ForkJoinPool.java:1622) ~[?:?]
	at java.util.concurrent.ForkJoinWorkerThread.run(ForkJoinWorkerThread.java:165) ~[?:?]
[08Jul2026 01:16:09.256] [modloading-worker-0/DEBUG] [io.netty.util.internal.PlatformDependent0/]: java.nio.Bits.unaligned: available, true
[08Jul2026 01:16:09.257] [modloading-worker-0/DEBUG] [io.netty.util.internal.PlatformDependent0/]: jdk.internal.misc.Unsafe.allocateUninitializedArray(int): unavailable
java.lang.IllegalAccessException: class io.netty.util.internal.PlatformDependent0$7 (in module io.netty.common) cannot access class jdk.internal.misc.Unsafe (in module java.base) because module java.base does not export jdk.internal.misc to module io.netty.common
	at jdk.internal.reflect.Reflection.newIllegalAccessException(Reflection.java:392) ~[?:?]
	at java.lang.reflect.AccessibleObject.checkAccess(AccessibleObject.java:674) ~[?:?]
	at java.lang.reflect.Method.invoke(Method.java:561) ~[?:?]
	at io.netty.util.internal.PlatformDependent0$7.run(PlatformDependent0.java:410) ~[netty-common-4.1.82.Final.jar%2382!/:4.1.82.Final]
	at java.security.AccessController.doPrivileged(AccessController.java:318) ~[?:?]
	at io.netty.util.internal.PlatformDependent0.<clinit>(PlatformDependent0.java:401) ~[netty-common-4.1.82.Final.jar%2382!/:4.1.82.Final]
	at io.netty.util.internal.PlatformDependent.isAndroid(PlatformDependent.java:333) ~[netty-common-4.1.82.Final.jar%2382!/:4.1.82.Final]
	at io.netty.util.internal.PlatformDependent.<clinit>(PlatformDependent.java:88) ~[netty-common-4.1.82.Final.jar%2382!/:4.1.82.Final]
	at io.netty.util.ConstantPool.<init>(ConstantPool.java:34) ~[netty-common-4.1.82.Final.jar%2382!/:4.1.82.Final]
	at io.netty.util.AttributeKey$1.<init>(AttributeKey.java:27) ~[netty-common-4.1.82.Final.jar%2382!/:4.1.82.Final]
	at io.netty.util.AttributeKey.<clinit>(AttributeKey.java:27) ~[netty-common-4.1.82.Final.jar%2382!/:4.1.82.Final]
	at net.minecraftforge.network.NetworkConstants.<clinit>(NetworkConstants.java:34) ~[forge-1.20.1-47.3.7-universal.jar%23118!/:?]
	at net.minecraftforge.common.ForgeMod.<init>(ForgeMod.java:429) ~[forge-1.20.1-47.3.7-universal.jar%23118!/:?]
	at jdk.internal.reflect.NativeConstructorAccessorImpl.newInstance0(Native Method) ~[?:?]
	at jdk.internal.reflect.NativeConstructorAccessorImpl.newInstance(NativeConstructorAccessorImpl.java:77) ~[?:?]
	at jdk.internal.reflect.DelegatingConstructorAccessorImpl.newInstance(DelegatingConstructorAccessorImpl.java:45) ~[?:?]
	at java.lang.reflect.Constructor.newInstanceWithCaller(Constructor.java:500) ~[?:?]
	at java.lang.reflect.Constructor.newInstance(Constructor.java:481) ~[?:?]
	at net.minecraftforge.fml.javafmlmod.FMLModContainer.constructMod(FMLModContainer.java:70) ~[javafmllanguage-1.20.1-47.3.7.jar%23115!/:?]
	at net.minecraftforge.fml.ModContainer.lambda$buildTransitionHandler$4(ModContainer.java:124) ~[fmlcore-1.20.1-47.3.7.jar%23114!/:?]
	at java.util.concurrent.CompletableFuture$AsyncRun.run(CompletableFuture.java:1804) ~[?:?]
	at java.util.concurrent.CompletableFuture$AsyncRun.exec(CompletableFuture.java:1796) ~[?:?]
	at java.util.concurrent.ForkJoinTask.doExec(ForkJoinTask.java:373) ~[?:?]
	at java.util.concurrent.ForkJoinPool$WorkQueue.topLevelExec(ForkJoinPool.java:1182) ~[?:?]
	at java.util.concurrent.ForkJoinPool.scan(ForkJoinPool.java:1655) ~[?:?]
	at java.util.concurrent.ForkJoinPool.runWorker(ForkJoinPool.java:1622) ~[?:?]
	at java.util.concurrent.ForkJoinWorkerThread.run(ForkJoinWorkerThread.java:165) ~[?:?]
[08Jul2026 01:16:09.259] [modloading-worker-0/DEBUG] [io.netty.util.internal.PlatformDependent0/]: java.nio.DirectByteBuffer.<init>(long, int): unavailable
[08Jul2026 01:16:09.260] [modloading-worker-0/DEBUG] [io.netty.util.internal.PlatformDependent/]: sun.misc.Unsafe: available
[08Jul2026 01:16:09.262] [modloading-worker-0/DEBUG] [io.netty.util.internal.PlatformDependent/]: maxDirectMemory: 12884901888 bytes (maybe)
[08Jul2026 01:16:09.262] [modloading-worker-0/DEBUG] [io.netty.util.internal.PlatformDependent/]: -Dio.netty.tmpdir: /tmp (java.io.tmpdir)
[08Jul2026 01:16:09.262] [modloading-worker-0/DEBUG] [io.netty.util.internal.PlatformDependent/]: -Dio.netty.bitMode: 64 (sun.arch.data.model)
[08Jul2026 01:16:09.265] [modloading-worker-0/DEBUG] [io.netty.util.internal.PlatformDependent/]: -Dio.netty.maxDirectMemory: -1 bytes
[08Jul2026 01:16:09.265] [modloading-worker-0/DEBUG] [io.netty.util.internal.PlatformDependent/]: -Dio.netty.uninitializedArrayAllocationThreshold: -1
[08Jul2026 01:16:09.266] [modloading-worker-0/DEBUG] [io.netty.util.internal.CleanerJava9/]: java.nio.ByteBuffer.cleaner(): available
[08Jul2026 01:16:09.267] [modloading-worker-0/DEBUG] [io.netty.util.internal.PlatformDependent/]: -Dio.netty.noPreferDirect: false
[08Jul2026 01:16:09.310] [modloading-worker-0/DEBUG] [net.minecraftforge.common.ForgeMod/FORGEMOD]: Loading Network data for FML net version: FML3
[08Jul2026 01:16:09.330] [modloading-worker-0/DEBUG] [net.minecraftforge.fml.config.ConfigTracker/CONFIG]: Config file forge-client.toml for forge tracking
[08Jul2026 01:16:09.331] [modloading-worker-0/DEBUG] [net.minecraftforge.fml.config.ConfigTracker/CONFIG]: Config file forge-server.toml for forge tracking
[08Jul2026 01:16:09.332] [modloading-worker-0/DEBUG] [net.minecraftforge.fml.ModLoadingContext/]: Attempted to register an empty config for type COMMON on mod forge
[08Jul2026 01:16:09.368] [modloading-worker-0/DEBUG] [net.minecraftforge.fml.javafmlmod.AutomaticEventSubscriber/LOADING]: Attempting to inject @EventBusSubscriber classes into the eventbus for forge
[08Jul2026 01:16:09.369] [modloading-worker-0/DEBUG] [net.minecraftforge.fml.javafmlmod.AutomaticEventSubscriber/LOADING]: Auto-subscribing net.minecraftforge.common.ForgeSpawnEggItem$CommonHandler to MOD
[08Jul2026 01:16:09.385] [modloading-worker-0/DEBUG] [net.minecraftforge.fml.javafmlmod.AutomaticEventSubscriber/LOADING]: Attempting to inject @EventBusSubscriber classes into the eventbus for sophisticatedbackpacks
[08Jul2026 01:16:09.453] [main/DEBUG] [net.minecraftforge.common.capabilities.CapabilityManager/CAPABILITIES]: Attempting to automatically register: Lnet/minecraftforge/energy/IEnergyStorage;
[08Jul2026 01:16:09.455] [main/DEBUG] [net.minecraftforge.common.capabilities.CapabilityManager/CAPABILITIES]: Attempting to automatically register: Lnet/minecraftforge/fluids/capability/IFluidHandler;
[08Jul2026 01:16:09.455] [main/DEBUG] [net.minecraftforge.common.capabilities.CapabilityManager/CAPABILITIES]: Attempting to automatically register: Lnet/minecraftforge/fluids/capability/IFluidHandlerItem;
[08Jul2026 01:16:09.455] [main/DEBUG] [net.minecraftforge.common.capabilities.CapabilityManager/CAPABILITIES]: Attempting to automatically register: Lnet/minecraftforge/items/IItemHandler;
[08Jul2026 01:16:09.663] [main/DEBUG] [net.minecraftforge.fml.config.ConfigTracker/CONFIG]: Loading configs type COMMON
[08Jul2026 01:16:09.665] [main/DEBUG] [net.minecraftforge.fml.config.ConfigFileTypeHandler/CONFIG]: Built TOML config for /workspaces/server1/servidor_minecraft/config/stalker-common.toml
[08Jul2026 01:16:09.666] [main/DEBUG] [net.minecraftforge.fml.config.ConfigFileTypeHandler/CONFIG]: Loaded TOML config file /workspaces/server1/servidor_minecraft/config/stalker-common.toml
[08Jul2026 01:16:09.673] [main/DEBUG] [net.minecraftforge.fml.config.ConfigFileTypeHandler/CONFIG]: Watching TOML config file /workspaces/server1/servidor_minecraft/config/stalker-common.toml for changes
[08Jul2026 01:16:09.680] [Thread-1/DEBUG] [net.minecraftforge.fml.config.ConfigFileTypeHandler/CONFIG]: Config file stalker-common.toml changed, sending notifies
[08Jul2026 01:16:09.681] [Thread-1/DEBUG] [net.minecraftforge.fml.config.ConfigFileTypeHandler/CONFIG]: Config file stalker-common.toml changed, sending notifies
[08Jul2026 01:16:09.681] [main/DEBUG] [net.minecraftforge.fml.config.ConfigFileTypeHandler/CONFIG]: Built TOML config for /workspaces/server1/servidor_minecraft/config/sophisticatedcore-common.toml
[08Jul2026 01:16:09.682] [main/DEBUG] [net.minecraftforge.fml.config.ConfigFileTypeHandler/CONFIG]: Loaded TOML config file /workspaces/server1/servidor_minecraft/config/sophisticatedcore-common.toml
[08Jul2026 01:16:09.682] [main/DEBUG] [net.minecraftforge.fml.config.ConfigFileTypeHandler/CONFIG]: Watching TOML config file /workspaces/server1/servidor_minecraft/config/sophisticatedcore-common.toml for changes
[08Jul2026 01:16:09.682] [Thread-1/DEBUG] [net.minecraftforge.fml.config.ConfigFileTypeHandler/CONFIG]: Config file sophisticatedcore-common.toml changed, sending notifies
[08Jul2026 01:16:09.684] [main/DEBUG] [net.minecraftforge.fml.config.ConfigFileTypeHandler/CONFIG]: Built TOML config for /workspaces/server1/servidor_minecraft/config/sophisticatedbackpacks-common.toml
[08Jul2026 01:16:09.684] [main/DEBUG] [net.minecraftforge.fml.config.ConfigFileTypeHandler/CONFIG]: Loaded TOML config file /workspaces/server1/servidor_minecraft/config/sophisticatedbackpacks-common.toml
[08Jul2026 01:16:09.685] [Thread-1/DEBUG] [net.minecraftforge.fml.config.ConfigFileTypeHandler/CONFIG]: Config file sophisticatedcore-common.toml changed, sending notifies
[08Jul2026 01:16:09.685] [main/DEBUG] [net.minecraftforge.fml.config.ConfigFileTypeHandler/CONFIG]: Watching TOML config file /workspaces/server1/servidor_minecraft/config/sophisticatedbackpacks-common.toml for changes
[08Jul2026 01:16:09.686] [Thread-1/DEBUG] [net.minecraftforge.fml.config.ConfigFileTypeHandler/CONFIG]: Config file sophisticatedbackpacks-common.toml changed, sending notifies
[08Jul2026 01:16:09.735] [main/DEBUG] [net.minecraftforge.fml.DeferredWorkQueue/LOADING]: Dispatching synchronous work for work queue COMMON_SETUP: 2 jobs
[08Jul2026 01:16:09.739] [main/DEBUG] [net.minecraftforge.fml.DeferredWorkQueue/LOADING]: Synchronous work queue completed in 2.252 ms
[08Jul2026 01:16:10.011] [Forge Version Check/INFO] [net.minecraftforge.fml.VersionChecker/]: [forge] Starting version check at https://files.minecraftforge.net/net/minecraftforge/forge/promotions_slim.json
[08Jul2026 01:16:10.556] [Forge Version Check/DEBUG] [net.minecraftforge.fml.VersionChecker/]: [forge] Received version check data:
{
  "homepage": "https://files.minecraftforge.net/net/minecraftforge/forge/",
  "promos": {
    "1.1-latest": "1.3.4.29",
    "1.2.3-latest": "1.4.1.64",
    "1.2.4-latest": "2.0.0.68",
    "1.2.5-latest": "3.4.9.171",
    "1.3.2-latest": "4.3.5.318",
    "1.4.0-latest": "5.0.0.326",
    "1.4.1-latest": "6.0.0.329",
    "1.4.2-latest": "6.0.1.355",
    "1.4.3-latest": "6.2.1.358",
    "1.4.4-latest": "6.3.0.378",
    "1.4.5-latest": "6.4.2.448",
    "1.4.6-latest": "6.5.0.489",
    "1.4.7-latest": "6.6.2.534",
    "1.5-latest": "7.7.0.598",
    "1.5.1-latest": "7.7.2.682",
    "1.5.2-latest": "7.8.1.738",
    "1.5.2-recommended": "7.8.1.738",
    "1.6.1-latest": "8.9.0.775",
    "1.6.2-latest": "9.10.1.871",
    "1.6.2-recommended": "9.10.1.871",
    "1.6.3-latest": "9.11.0.878",
    "1.6.4-latest": "9.11.1.1345",
    "1.6.4-recommended": "9.11.1.1345",
    "1.7.2-latest": "10.12.2.1161",
    "1.7.2-recommended": "10.12.2.1161",
    "1.7.10-latest": "10.13.4.1614",
    "1.7.10-recommended": "10.13.4.1614",
    "1.8-latest": "11.14.4.1577",
    "1.8-recommended": "11.14.4.1563",
    "1.8.8-latest": "11.15.0.1655",
    "1.8.9-latest": "11.15.1.2318",
    "1.8.9-recommended": "11.15.1.2318",
    "1.9-latest": "12.16.1.1938",
    "1.9-recommended": "12.16.1.1887",
    "1.9.4-latest": "12.17.0.2317",
    "1.9.4-recommended": "12.17.0.2317",
    "1.10-latest": "12.18.0.2000",
    "1.10.2-latest": "12.18.3.2511",
    "1.10.2-recommended": "12.18.3.2511",
    "1.11-latest": "13.19.1.2199",
    "1.11-recommended": "13.19.1.2189",
    "1.11.2-latest": "13.20.1.2588",
    "1.11.2-recommended": "13.20.1.2588",
    "1.12-latest": "14.21.1.2443",
    "1.12-recommended": "14.21.1.2387",
    "1.12.1-latest": "14.22.1.2485",
    "1.12.1-recommended": "14.22.1.2478",
    "1.12.2-latest": "14.23.5.2864",
    "1.12.2-recommended": "14.23.5.2859",
    "1.13.2-latest": "25.0.223",
    "1.14.2-latest": "26.0.63",
    "1.14.3-latest": "27.0.60",
    "1.14.4-latest": "28.2.30",
    "1.14.4-recommended": "28.2.26",
    "1.15-latest": "29.0.4",
    "1.15.1-latest": "30.0.51",
    "1.15.2-latest": "31.2.60",
    "1.15.2-recommended": "31.2.57",
    "1.16.1-latest": "32.0.108",
    "1.16.2-latest": "33.0.61",
    "1.16.3-latest": "34.1.42",
    "1.16.3-recommended": "34.1.0",
    "1.16.4-latest": "35.1.37",
    "1.16.4-recommended": "35.1.4",
    "1.16.5-latest": "36.2.42",
    "1.16.5-recommended": "36.2.34",
    "1.17.1-latest": "37.1.1",
    "1.17.1-recommended": "37.1.1",
    "1.18-latest": "38.0.17",
    "1.18.1-latest": "39.1.2",
    "1.18.1-recommended": "39.1.0",
    "1.18.2-recommended": "40.3.0",
    "1.18.2-latest": "40.3.12",
    "1.19-latest": "41.1.0",
    "1.19-recommended": "41.1.0",
    "1.19.1-latest": "42.0.9",
    "1.19.2-recommended": "43.5.0",
    "1.19.2-latest": "43.5.2",
    "1.19.3-latest": "44.1.23",
    "1.19.3-recommended": "44.1.0",
    "1.19.4-recommended": "45.4.0",
    "1.19.4-latest": "45.4.3",
    "1.20-latest": "46.0.14",
    "1.20.1-recommended": "47.4.10",
    "1.20.1-latest": "47.4.20",
    "1.20.2-latest": "48.1.0",
    "1.20.2-recommended": "48.1.0",
    "1.20.3-latest": "49.0.2",
    "1.20.4-latest": "49.2.7",
    "1.20.4-recommended": "49.2.0",
    "1.20.6-latest": "50.2.8",
    "1.20.6-recommended": "50.2.0",
    "1.21-latest": "51.0.33",
    "1.21.1-latest": "52.1.14",
    "1.21.1-recommended": "52.1.0",
    "1.21.3-latest": "53.1.10",
    "1.21.3-recommended": "53.1.0",
    "1.21.4-latest": "54.1.16",
    "1.21.4-recommended": "54.1.14",
    "1.21.5-latest": "55.1.10",
    "1.21.5-recommended": "55.1.0",
    "1.21.6-latest": "56.0.9",
    "1.21.7-latest": "57.0.3",
    "1.21.8-latest": "58.1.18",
    "1.21.8-recommended": "58.1.0",
    "1.21.9-latest": "59.0.5",
    "1.21.10-latest": "60.1.9",
    "1.21.10-recommended": "60.1.0",
    "1.21.11-latest": "61.1.8",
    "1.21.11-recommended": "61.1.0",
    "26.1-latest": "62.0.9",
    "26.1.1-latest": "63.0.2",
    "26.1.2-latest": "64.0.11",
    "26.2-latest": "65.0.3"
  }
}
[08Jul2026 01:16:10.557] [Forge Version Check/INFO] [net.minecraftforge.fml.VersionChecker/]: [forge] Found status: OUTDATED Current: 47.3.7 Target: 47.4.10
[08Jul2026 01:16:10.558] [Forge Version Check/INFO] [net.minecraftforge.fml.VersionChecker/]: [gravestone] Starting version check at https://update.maxhenkel.de/forge/gravestone
[08Jul2026 01:16:11.170] [Forge Version Check/DEBUG] [net.minecraftforge.fml.VersionChecker/]: [gravestone] Received version check data:
{"1.9.4":{"1.3.6":"Bugfixes"},"1.8.8":{"1.1.7":"Bugfixes"},"1.20":{"1.20-1.0.3":"Updated to 1.20"},"1.8.9":{"1.1.7":"Bugfixes"},"1.18":{"1.18-1.0.3":"Fixed loader version requirement"},"1.19":{"1.19-1.0.3":"Fixed crash when opening the obituary"},"promos":{"1.14.4-recommended":"1.15.3","1.14.3-recommended":"1.14.3","1.20-recommended":"1.20-1.0.3","1.19.3-recommended":"1.19.3-1.0.3","1.19.1-recommended":"1.19.1-1.0.0","1.8.8-latest":"1.1.7","1.8.9-latest":"1.1.7","1.19.4-recommended":"1.19.4-1.0.3","1.19.2-recommended":"1.19.2-1.0.10","1.10.2-latest":"1.5.13","1.14.2-recommended":"1.13.3","1.14.3-latest":"1.14.3","1.20-latest":"1.20-1.0.3","1.11-latest":"1.6.6","1.10.2-recommended":"1.5.13","1.20.1-latest":"1.20.1-1.0.35","1.16.4-latest":"1.16.4-1.0.9","1.11.2-recommended":"1.7.4.1","1.19.3-latest":"1.19.3-1.0.3","1.8-latest":"1.0.5","1.16.2-latest":"1.16.2-1.0.6","1.7.10-latest":"0.7.10.3","1.15.2-recommended":"1.17.6","1.8-recommended":"1.0.5","1.19.1-latest":"1.19.1-1.0.0","1.15.1-recommended":"1.16.2","1.9-recommended":"1.2.10","1.11.2-latest":"1.7.4.1","1.18.1-latest":"1.18.1-1.0.2","1.15.1-latest":"1.16.2","1.18.2-latest":"1.18.2-1.0.2","1.11-recommended":"1.6.6","1.10-recommended":"1.4.9","1.12.2-latest":"1.10.2","1.12.1-latest":"1.9.0","1.12.2-recommended":"1.10.2","1.7.10-recommended":"0.7.10.3","1.19-latest":"1.19-1.0.3","1.17.1-recommended":"1.17.1-1.0.4","1.16.1-recommended":"1.16.1-1.0.6","1.16.2-recommended":"1.16.2-1.0.6","1.18-latest":"1.18-1.0.3","1.16.5-recommended":"1.16.5-1.0.6","1.16.4-recommended":"1.16.4-1.0.9","1.12.1-recommended":"1.9.0","1.20.1-recommended":"1.20.1-1.0.10","1.16.3-recommended":"1.16.3-1.0.2","1.15.2-latest":"1.17.6","1.20.2-recommended":"1.20.2-1.0.10","1.12-recommended":"1.8.4","1.10-latest":"1.4.9","1.14.4-latest":"1.15.3","1.13.2-recommended":"1.12.7","1.9.4-recommended":"1.3.6","1.12-latest":"1.8.4","1.18.2-recommended":"1.18.2-1.0.2","1.17.1-latest":"1.17.1-1.0.4","1.13.2-latest":"1.12.7","1.18.1-recommended":"1.18.1-1.0.2","1.16.3-latest":"1.16.3-2.0.4","1.20.2-latest":"1.20.2-1.0.10","1.19.2-latest":"1.19.2-1.0.23","1.19.4-latest":"1.19.4-1.0.3","1.16.5-latest":"1.16.5-1.0.7","1.19-recommended":"1.19-1.0.3","1.16.1-latest":"1.16.1-1.0.6","1.9-latest":"1.2.10","1.18-recommended":"1.18-1.0.3","1.14.2-latest":"1.13.3","1.8.8-recommended":"1.1.7","1.8.9-recommended":"1.1.7","1.9.4-latest":"1.3.6"},"1.20.2":{"1.20.2-1.0.10":"Improved mod icon\nUpdated corelib"},"1.20.1":{"1.20.1-1.0.10":"Improved mod icon\nUpdated corelib","1.20.1-1.0.35":"Fixed restoreinventory command permissions"},"1.12":{"1.8.4":"Added recipe for recipe book"},"1.10":{"1.4.9":"Bugfixes"},"1.11":{"1.6.6":"Bugfixes"},"1.7.10":{"0.7.10.3":"Bugfixes"},"1.16.4":{"1.16.4-1.0.9":"Update chinese translation"},"1.18.2":{"1.18.2-1.0.2":"Fixed ukrainian locale code"},"1.19.1":{"1.19.1-1.0.0":"Updated to 1.19.1"},"1.16.5":{"1.16.5-1.0.7":"Fixed freeze with epic fight mod","1.16.5-1.0.6":"Fixed grave names"},"1.19.2":{"1.19.2-1.0.10":"Improved mod icon\nUpdated corelib","1.19.2-1.0.23":"Updated Traditional Chinese translation"},"1.19.3":{"1.19.3-1.0.3":"Fixed creative tabs because Forge broke everything again"},"1.19.4":{"1.19.4-1.0.3":"Updated to 1.19.4"},"1.14.2":{"1.13.3":"Improved en_us language and added pl_pl language"},"1.15.1":{"1.16.2":"Fixed crash with forge 30.0.17+"},"1.14.3":{"1.14.3":"Improved en_us language and added pl_pl language"},"1.16.1":{"1.16.1-1.0.6":"Fixed gravestone items can be picked up with a hopper"},"1.15.2":{"1.17.6":"Updated polish translation"},"1.14.4":{"1.15.3":"Fixed config reset issue"},"1.16.2":{"1.16.2-1.0.6":"Fixed nether dimension name\nUpdated russian translation\nFixed remove death note option"},"1.17.1":{"1.17.1-1.0.4":"Fixed crash with epic fight mod"},"1.8":{"1.0.5":"Bugfixes"},"1.16.3":{"1.16.3-1.0.2":"Updated mods.toml","1.16.3-2.0.4":"Fixed grave disappearing when having sneaking on toggle"},"1.18.1":{"1.18.1-1.0.2":"Added Brazilian Portuguese language"},"1.9":{"1.2.10":"Bugfixes"},"1.10.2":{"1.5.13":"Bugfixes"},"1.11.2":{"1.7.4.1":"Improved version checking"},"1.12.1":{"1.9.0":"Updated to 1.12.1"},"1.12.2":{"1.10.2":"Updated Forge version"},"1.13.2":{"1.12.7":"Improved en_us language and added pl_pl language"},"homepage":"https://www.curseforge.com/minecraft/mc-mods/gravestone-mod"}
[08Jul2026 01:16:11.171] [Forge Version Check/INFO] [net.minecraftforge.fml.VersionChecker/]: [gravestone] Found status: AHEAD Current: 1.20.1-1.0.35 Target: null
[08Jul2026 01:16:11.573] [main/INFO] [com.mojang.authlib.yggdrasil.YggdrasilAuthenticationService/]: Environment: authHost='https://authserver.mojang.com', accountsHost='https://api.mojang.com', sessionHost='https://sessionserver.mojang.com', servicesHost='https://api.minecraftservices.com', name='PROD'
[08Jul2026 01:16:12.265] [main/WARN] [net.minecraft.server.packs.VanillaPackResourcesBuilder/]: Assets URL 'union:/workspaces/server1/servidor_minecraft/libraries/net/minecraft/server/1.20.1-20230612.114412/server-1.20.1-20230612.114412-srg.jar%23113!/assets/.mcassetsroot' uses unexpected schema
[08Jul2026 01:16:12.266] [main/WARN] [net.minecraft.server.packs.VanillaPackResourcesBuilder/]: Assets URL 'union:/workspaces/server1/servidor_minecraft/libraries/net/minecraft/server/1.20.1-20230612.114412/server-1.20.1-20230612.114412-srg.jar%23113!/data/.mcassetsroot' uses unexpected schema
[08Jul2026 01:16:12.350] [main/DEBUG] [net.minecraftforge.server.ServerLifecycleHooks/CORE]: Generating PackInfo named mod:stalker for mod file /workspaces/server1/servidor_minecraft/mods/The-Stalker-perk_twixxel-1.20.1.jar
[08Jul2026 01:16:12.351] [main/DEBUG] [net.minecraftforge.server.ServerLifecycleHooks/CORE]: Generating PackInfo named mod:cloth_config for mod file /workspaces/server1/servidor_minecraft/mods/cloth-config-11.1.136-forge.jar
[08Jul2026 01:16:12.352] [main/DEBUG] [net.minecraftforge.server.ServerLifecycleHooks/CORE]: Generating PackInfo named mod:forge for mod file /workspaces/server1/servidor_minecraft/libraries/net/minecraftforge/forge/1.20.1-47.3.7/forge-1.20.1-47.3.7-universal.jar
[08Jul2026 01:16:12.354] [main/DEBUG] [net.minecraftforge.server.ServerLifecycleHooks/CORE]: Generating PackInfo named mod:sophisticatedcore for mod file /workspaces/server1/servidor_minecraft/mods/sophisticatedcore-1.20.1-1.3.63.2106.jar
[08Jul2026 01:16:12.354] [main/DEBUG] [net.minecraftforge.server.ServerLifecycleHooks/CORE]: Generating PackInfo named mod:sophisticatedbackpacks for mod file /workspaces/server1/servidor_minecraft/mods/sophisticatedbackpacks-1.20.1-3.24.59.1960.jar
[08Jul2026 01:16:12.355] [main/DEBUG] [net.minecraftforge.server.ServerLifecycleHooks/CORE]: Generating PackInfo named mod:geckolib for mod file /workspaces/server1/servidor_minecraft/mods/geckolib-forge-1.20.1-4.8.4.jar
[08Jul2026 01:16:12.355] [main/DEBUG] [net.minecraftforge.server.ServerLifecycleHooks/CORE]: Generating PackInfo named mod:gravestone for mod file /workspaces/server1/servidor_minecraft/mods/gravestone-forge-1.20.1-1.0.35.jar
[08Jul2026 01:16:13.442] [main/DEBUG] [net.minecraftforge.coremod.transformer.CoreModBaseTransformer/COREMOD]: Transforming net/minecraft/server/commands/SummonCommand
[08Jul2026 01:16:14.320] [Worker-Main-1/DEBUG] [net.minecraftforge.coremod.transformer.CoreModBaseTransformer/COREMOD]: Transforming net/minecraft/world/entity/raid/Raid
[08Jul2026 01:16:14.679] [main/INFO] [net.minecraft.world.item.crafting.RecipeManager/]: Loaded 7 recipes
[08Jul2026 01:16:14.823] [main/INFO] [net.minecraft.advancements.AdvancementList/]: Loaded 1344 advancements
[08Jul2026 01:16:14.836] [main/DEBUG] [sophisticatedbackpacks/]: Started loading registry data from sophisticatedbackpacks:compat/woot/block_tools 
[08Jul2026 01:16:14.837] [main/DEBUG] [sophisticatedbackpacks/]: Started loading registry data from sophisticatedbackpacks:compat/fluxnetworks/block_tools 
[08Jul2026 01:16:14.837] [main/DEBUG] [sophisticatedbackpacks/]: Started loading registry data from sophisticatedbackpacks:compat/mob_grinding_utils/entity_tools 
[08Jul2026 01:16:14.837] [main/DEBUG] [sophisticatedbackpacks/]: Started loading registry data from sophisticatedbackpacks:compat/astralsorcery/block_tools 
[08Jul2026 01:16:14.837] [main/DEBUG] [sophisticatedbackpacks/]: Started loading registry data from sophisticatedbackpacks:compat/immersivepetroleum/block_tools 
[08Jul2026 01:16:14.837] [main/DEBUG] [sophisticatedbackpacks/]: Started loading registry data from sophisticatedbackpacks:compat/immersiveengineering/block_tools 
[08Jul2026 01:16:14.838] [main/DEBUG] [sophisticatedbackpacks/]: Started loading registry data from sophisticatedbackpacks:compat/pedestals/block_tools 
[08Jul2026 01:16:14.838] [main/DEBUG] [sophisticatedbackpacks/]: Started loading registry data from sophisticatedbackpacks:compat/platforms/block_tools 
[08Jul2026 01:16:14.838] [main/DEBUG] [sophisticatedbackpacks/]: Started loading registry data from sophisticatedbackpacks:compat/rftoolsutility/entity_tools 
[08Jul2026 01:16:14.839] [main/DEBUG] [sophisticatedbackpacks/]: Started loading registry data from sophisticatedbackpacks:compat/compactmachines/block_tools 
[08Jul2026 01:16:14.839] [main/DEBUG] [sophisticatedbackpacks/]: Started loading registry data from sophisticatedbackpacks:compat/mcwwindows/block_tools 
[08Jul2026 01:16:14.839] [main/DEBUG] [sophisticatedbackpacks/]: Started loading registry data from sophisticatedbackpacks:compat/integrateddynamics/block_tools 
[08Jul2026 01:16:14.839] [main/DEBUG] [sophisticatedbackpacks/]: Started loading registry data from sophisticatedbackpacks:entity_tools 
[08Jul2026 01:16:14.844] [main/DEBUG] [sophisticatedbackpacks/]: Finished loading registry data for sophisticatedbackpacks:entity_tools
[08Jul2026 01:16:14.845] [main/DEBUG] [sophisticatedbackpacks/]: Started loading registry data from sophisticatedbackpacks:compat/mekanism/block_tools 
[08Jul2026 01:16:14.846] [main/DEBUG] [sophisticatedbackpacks/]: Started loading registry data from sophisticatedbackpacks:compat/powah/block_tools 
[08Jul2026 01:16:14.846] [main/DEBUG] [sophisticatedbackpacks/]: Started loading registry data from sophisticatedbackpacks:compat/apotheosis/entity_tools 
[08Jul2026 01:16:14.846] [main/DEBUG] [sophisticatedbackpacks/]: Started loading registry data from sophisticatedbackpacks:compat/bloodmagic/block_tools 
[08Jul2026 01:16:14.846] [main/DEBUG] [sophisticatedbackpacks/]: Started loading registry data from sophisticatedbackpacks:compat/immersiveposts/block_tools 
[08Jul2026 01:16:14.846] [main/DEBUG] [sophisticatedbackpacks/]: Started loading registry data from sophisticatedbackpacks:compat/rats/entity_tools 
[08Jul2026 01:16:14.846] [main/DEBUG] [sophisticatedbackpacks/]: Started loading registry data from sophisticatedbackpacks:compat/framedcompactdrawers/block_tools 
[08Jul2026 01:16:14.846] [main/DEBUG] [sophisticatedbackpacks/]: Started loading registry data from sophisticatedbackpacks:compat/iceandfire/entity_tools 
[08Jul2026 01:16:14.846] [main/DEBUG] [sophisticatedbackpacks/]: Started loading registry data from sophisticatedbackpacks:compat/storagedrawers/block_tools 
[08Jul2026 01:16:14.846] [main/DEBUG] [sophisticatedbackpacks/]: Started loading registry data from sophisticatedbackpacks:compat/mcwroofs/block_tools 
[08Jul2026 01:16:14.846] [main/DEBUG] [sophisticatedbackpacks/]: Started loading registry data from sophisticatedbackpacks:compat/morphtool/block_tools 
[08Jul2026 01:16:14.846] [main/DEBUG] [sophisticatedbackpacks/]: Started loading registry data from sophisticatedbackpacks:compat/botania/block_tools 
[08Jul2026 01:16:14.846] [main/DEBUG] [sophisticatedbackpacks/]: Started loading registry data from sophisticatedbackpacks:compat/pneumaticraft/block_tools 
[08Jul2026 01:16:14.846] [main/DEBUG] [sophisticatedbackpacks/]: Started loading registry data from sophisticatedbackpacks:compat/shrink/entity_tools 
[08Jul2026 01:16:14.846] [main/DEBUG] [sophisticatedbackpacks/]: Started loading registry data from sophisticatedbackpacks:compat/blockcarpentry/block_tools 
[08Jul2026 01:16:14.846] [main/DEBUG] [sophisticatedbackpacks/]: Started loading registry data from sophisticatedbackpacks:compat/pipez/block_tools 
[08Jul2026 01:16:14.846] [main/DEBUG] [sophisticatedbackpacks/]: Started loading registry data from sophisticatedbackpacks:compat/transport/block_tools 
[08Jul2026 01:16:14.846] [main/DEBUG] [sophisticatedbackpacks/]: Started loading registry data from sophisticatedbackpacks:compat/thermal/block_tools 
[08Jul2026 01:16:14.847] [main/DEBUG] [sophisticatedbackpacks/]: Started loading registry data from sophisticatedbackpacks:block_tools 
[08Jul2026 01:16:14.847] [main/DEBUG] [sophisticatedbackpacks/]: Finished loading registry data for sophisticatedbackpacks:block_tools
[08Jul2026 01:16:14.847] [main/DEBUG] [sophisticatedbackpacks/]: Started loading registry data from sophisticatedbackpacks:compat/create/block_tools 
[08Jul2026 01:16:14.847] [main/DEBUG] [sophisticatedbackpacks/]: Started loading registry data from sophisticatedbackpacks:compat/farmersdelight/entity_tools 
[08Jul2026 01:16:14.847] [main/DEBUG] [sophisticatedbackpacks/]: Started loading registry data from sophisticatedbackpacks:compat/refinedstorage/block_tools 
[08Jul2026 01:16:14.847] [main/DEBUG] [sophisticatedbackpacks/]: Started loading registry data from sophisticatedbackpacks:compat/chiselsandbits/block_tools 
[08Jul2026 01:16:14.847] [main/DEBUG] [sophisticatedbackpacks/]: Started loading registry data from sophisticatedbackpacks:compat/farmersdelight/block_tools 
[08Jul2026 01:16:14.847] [main/DEBUG] [sophisticatedbackpacks/]: Started loading registry data from sophisticatedbackpacks:compat/resourcefulbees/entity_tools 
[08Jul2026 01:16:14.847] [main/DEBUG] [sophisticatedbackpacks/]: Started loading registry data from sophisticatedbackpacks:compat/tetra/swords 
[08Jul2026 01:16:14.847] [main/DEBUG] [sophisticatedbackpacks/]: Started loading registry data from sophisticatedbackpacks:swords 
[08Jul2026 01:16:14.847] [main/DEBUG] [sophisticatedbackpacks/]: Finished loading registry data for sophisticatedbackpacks:swords
[08Jul2026 01:16:14.847] [main/DEBUG] [sophisticatedbackpacks/]: Started loading registry data from sophisticatedbackpacks:compat/mythicbotany/block_tools 
[08Jul2026 01:16:14.847] [main/DEBUG] [sophisticatedbackpacks/]: Started loading registry data from sophisticatedbackpacks:compat/resourcefulbees/block_tools 
[08Jul2026 01:16:14.847] [main/DEBUG] [sophisticatedbackpacks/]: Started loading registry data from sophisticatedbackpacks:compat/syp/entity_tools 
[08Jul2026 01:16:14.847] [main/DEBUG] [sophisticatedbackpacks/]: Started loading registry data from sophisticatedbackpacks:compat/eidolon/block_tools 
[08Jul2026 01:16:14.847] [main/DEBUG] [sophisticatedbackpacks/]: Started loading registry data from sophisticatedbackpacks:compat/rftoolsbase/block_tools 
[08Jul2026 01:16:15.506] [main/DEBUG] [net.minecraftforge.common.ForgeHooks/WP]: Gathering id map for writing to world save world
[08Jul2026 01:16:15.522] [main/DEBUG] [net.minecraftforge.common.ForgeHooks/WP]: ID Map collection complete world
[08Jul2026 01:16:15.580] [Server thread/INFO] [net.minecraft.server.dedicated.DedicatedServer/]: Starting minecraft server version 1.20.1
[08Jul2026 01:16:15.581] [Server thread/INFO] [net.minecraft.server.dedicated.DedicatedServer/]: Loading properties
[08Jul2026 01:16:15.581] [Server thread/INFO] [net.minecraft.server.dedicated.DedicatedServer/]: Default game type: SURVIVAL
[08Jul2026 01:16:15.581] [Server thread/INFO] [net.minecraft.server.MinecraftServer/]: Generating keypair
[08Jul2026 01:16:15.796] [Server thread/INFO] [net.minecraft.server.dedicated.DedicatedServer/]: Starting Minecraft server on *:25565
[08Jul2026 01:16:15.797] [Server thread/DEBUG] [net.minecraftforge.network.DualStackUtils/]: Detected IPv6 address: "0:0:0:0:0:0:0:0"
[08Jul2026 01:16:15.815] [Server thread/DEBUG] [io.netty.util.internal.NativeLibraryLoader/]: -Dio.netty.native.workdir: /tmp (io.netty.tmpdir)
[08Jul2026 01:16:15.816] [Server thread/DEBUG] [io.netty.util.internal.NativeLibraryLoader/]: -Dio.netty.native.deleteLibAfterLoading: true
[08Jul2026 01:16:15.816] [Server thread/DEBUG] [io.netty.util.internal.NativeLibraryLoader/]: -Dio.netty.native.tryPatchShadedId: true
[08Jul2026 01:16:15.816] [Server thread/DEBUG] [io.netty.util.internal.NativeLibraryLoader/]: -Dio.netty.native.detectNativeLibraryDuplicates: true
[08Jul2026 01:16:15.838] [Server thread/DEBUG] [io.netty.util.internal.NativeLibraryLoader/]: Successfully loaded the library /tmp/libnetty_transport_native_epoll_x86_6412319508760365780202.so
[08Jul2026 01:16:15.847] [Server thread/DEBUG] [io.netty.util.NetUtil/]: -Djava.net.preferIPv4Stack: false
[08Jul2026 01:16:15.848] [Server thread/DEBUG] [io.netty.util.NetUtil/]: -Djava.net.preferIPv6Addresses: true
[08Jul2026 01:16:15.851] [Server thread/DEBUG] [io.netty.util.NetUtilInitializations/]: Loopback interface: lo (lo, 0:0:0:0:0:0:0:1%lo)
[08Jul2026 01:16:15.859] [Server thread/DEBUG] [io.netty.util.NetUtil/]: /proc/sys/net/core/somaxconn: 4096
[08Jul2026 01:16:15.869] [Server thread/INFO] [net.minecraft.server.network.ServerConnectionListener/]: Using epoll channel type
[08Jul2026 01:16:15.894] [Server thread/DEBUG] [io.netty.channel.MultithreadEventLoopGroup/]: -Dio.netty.eventLoopThreads: 8
[08Jul2026 01:16:15.910] [Server thread/DEBUG] [io.netty.util.internal.InternalThreadLocalMap/]: -Dio.netty.threadLocalMap.stringBuilder.initialSize: 1024
[08Jul2026 01:16:15.910] [Server thread/DEBUG] [io.netty.util.internal.InternalThreadLocalMap/]: -Dio.netty.threadLocalMap.stringBuilder.maxSize: 4096
[08Jul2026 01:16:15.923] [Server thread/DEBUG] [io.netty.util.internal.PlatformDependent/]: org.jctools-core.MpscChunkedArrayQueue: available
[08Jul2026 01:16:15.937] [Server thread/DEBUG] [io.netty.channel.DefaultChannelId/]: -Dio.netty.processId: 45545 (auto-detected)
[08Jul2026 01:16:15.941] [Server thread/DEBUG] [io.netty.channel.DefaultChannelId/]: -Dio.netty.machineId: 7c:1e:52:ff:fe:be:1e:2d (auto-detected)
[08Jul2026 01:16:15.983] [Server thread/DEBUG] [io.netty.buffer.PooledByteBufAllocator/]: -Dio.netty.allocator.numHeapArenas: 8
[08Jul2026 01:16:15.983] [Server thread/DEBUG] [io.netty.buffer.PooledByteBufAllocator/]: -Dio.netty.allocator.numDirectArenas: 8
[08Jul2026 01:16:15.983] [Server thread/DEBUG] [io.netty.buffer.PooledByteBufAllocator/]: -Dio.netty.allocator.pageSize: 8192
[08Jul2026 01:16:15.983] [Server thread/DEBUG] [io.netty.buffer.PooledByteBufAllocator/]: -Dio.netty.allocator.maxOrder: 9
[08Jul2026 01:16:15.983] [Server thread/DEBUG] [io.netty.buffer.PooledByteBufAllocator/]: -Dio.netty.allocator.chunkSize: 4194304
[08Jul2026 01:16:15.983] [Server thread/DEBUG] [io.netty.buffer.PooledByteBufAllocator/]: -Dio.netty.allocator.smallCacheSize: 256
[08Jul2026 01:16:15.983] [Server thread/DEBUG] [io.netty.buffer.PooledByteBufAllocator/]: -Dio.netty.allocator.normalCacheSize: 64
[08Jul2026 01:16:15.984] [Server thread/DEBUG] [io.netty.buffer.PooledByteBufAllocator/]: -Dio.netty.allocator.maxCachedBufferCapacity: 32768
[08Jul2026 01:16:15.984] [Server thread/DEBUG] [io.netty.buffer.PooledByteBufAllocator/]: -Dio.netty.allocator.cacheTrimInterval: 8192
[08Jul2026 01:16:15.984] [Server thread/DEBUG] [io.netty.buffer.PooledByteBufAllocator/]: -Dio.netty.allocator.cacheTrimIntervalMillis: 0
[08Jul2026 01:16:15.984] [Server thread/DEBUG] [io.netty.buffer.PooledByteBufAllocator/]: -Dio.netty.allocator.useCacheForAllThreads: false
[08Jul2026 01:16:15.984] [Server thread/DEBUG] [io.netty.buffer.PooledByteBufAllocator/]: -Dio.netty.allocator.maxCachedByteBuffersPerChunk: 1023
[08Jul2026 01:16:16.001] [Server thread/DEBUG] [io.netty.buffer.ByteBufUtil/]: -Dio.netty.allocator.type: pooled
[08Jul2026 01:16:16.001] [Server thread/DEBUG] [io.netty.buffer.ByteBufUtil/]: -Dio.netty.threadLocalDirectBufferSize: 0
[08Jul2026 01:16:16.001] [Server thread/DEBUG] [io.netty.buffer.ByteBufUtil/]: -Dio.netty.maxThreadLocalCharBufferSize: 16384
[08Jul2026 01:16:16.012] [Server thread/WARN] [net.minecraft.server.dedicated.DedicatedServer/]: **** SERVER IS RUNNING IN OFFLINE/INSECURE MODE!
[08Jul2026 01:16:16.012] [Server thread/WARN] [net.minecraft.server.dedicated.DedicatedServer/]: The server will make no attempt to authenticate usernames. Beware.
[08Jul2026 01:16:16.012] [Server thread/WARN] [net.minecraft.server.dedicated.DedicatedServer/]: While this makes the game possible to play without internet access, it also opens up the ability for hackers to connect with any username they choose.
[08Jul2026 01:16:16.013] [Server thread/WARN] [net.minecraft.server.dedicated.DedicatedServer/]: To change this, set "online-mode" to "true" in the server.properties file.
[08Jul2026 01:16:16.034] [Server thread/DEBUG] [net.minecraftforge.fml.config.ConfigTracker/CONFIG]: Loading configs type SERVER
[08Jul2026 01:16:16.034] [Server thread/DEBUG] [net.minecraftforge.fml.config.ConfigFileTypeHandler/CONFIG]: Built TOML config for ./world/serverconfig/sophisticatedbackpacks-server.toml
[08Jul2026 01:16:16.037] [Server thread/DEBUG] [net.minecraftforge.fml.config.ConfigFileTypeHandler/CONFIG]: Loaded TOML config file ./world/serverconfig/sophisticatedbackpacks-server.toml
[08Jul2026 01:16:16.042] [Server thread/DEBUG] [net.minecraftforge.fml.config.ConfigFileTypeHandler/CONFIG]: Watching TOML config file ./world/serverconfig/sophisticatedbackpacks-server.toml for changes
[08Jul2026 01:16:16.051] [Thread-1/DEBUG] [net.minecraftforge.fml.config.ConfigFileTypeHandler/CONFIG]: Config file sophisticatedbackpacks-server.toml changed, sending notifies
[08Jul2026 01:16:16.057] [Thread-1/DEBUG] [net.minecraftforge.fml.config.ConfigFileTypeHandler/CONFIG]: Config file sophisticatedbackpacks-server.toml changed, sending notifies
[08Jul2026 01:16:16.058] [Server thread/DEBUG] [net.minecraftforge.fml.config.ConfigFileTypeHandler/CONFIG]: Built TOML config for ./world/serverconfig/gravestone-server.toml
[08Jul2026 01:16:16.062] [Server thread/DEBUG] [net.minecraftforge.fml.config.ConfigFileTypeHandler/CONFIG]: Loaded TOML config file ./world/serverconfig/gravestone-server.toml
[08Jul2026 01:16:16.065] [Server thread/DEBUG] [net.minecraftforge.fml.config.ConfigFileTypeHandler/CONFIG]: Watching TOML config file ./world/serverconfig/gravestone-server.toml for changes
[08Jul2026 01:16:16.072] [Server thread/DEBUG] [net.minecraftforge.fml.config.ConfigFileTypeHandler/CONFIG]: Built TOML config for ./world/serverconfig/forge-server.toml
[08Jul2026 01:16:16.073] [Server thread/DEBUG] [net.minecraftforge.fml.config.ConfigFileTypeHandler/CONFIG]: Loaded TOML config file ./world/serverconfig/forge-server.toml
[08Jul2026 01:16:16.073] [Thread-1/DEBUG] [net.minecraftforge.fml.config.ConfigFileTypeHandler/CONFIG]: Config file gravestone-server.toml changed, sending notifies
[08Jul2026 01:16:16.074] [Server thread/DEBUG] [net.minecraftforge.fml.config.ConfigFileTypeHandler/CONFIG]: Watching TOML config file ./world/serverconfig/forge-server.toml for changes
[08Jul2026 01:16:16.076] [Server thread/DEBUG] [net.minecraftforge.common.ForgeConfig/FORGEMOD]: Loaded forge config file forge-server.toml
[08Jul2026 01:16:16.076] [Thread-1/DEBUG] [net.minecraftforge.fml.config.ConfigFileTypeHandler/CONFIG]: Config file forge-server.toml changed, sending notifies
[08Jul2026 01:16:16.076] [Thread-1/DEBUG] [net.minecraftforge.common.ForgeConfig/FORGEMOD]: Forge config just got changed on the file system!
[08Jul2026 01:16:16.076] [Thread-1/DEBUG] [net.minecraftforge.fml.config.ConfigFileTypeHandler/CONFIG]: Config file forge-server.toml changed, sending notifies
[08Jul2026 01:16:16.076] [Thread-1/DEBUG] [net.minecraftforge.common.ForgeConfig/FORGEMOD]: Forge config just got changed on the file system!
[08Jul2026 01:16:16.141] [Server thread/INFO] [net.minecraft.server.dedicated.DedicatedServer/]: Preparing level "world"
[08Jul2026 01:16:16.152] [Server thread/DEBUG] [net.minecraftforge.coremod.transformer.CoreModBaseTransformer/COREMOD]: Transforming net/minecraft/world/level/levelgen/PhantomSpawner
[08Jul2026 01:16:16.165] [Server thread/DEBUG] [net.minecraftforge.coremod.transformer.CoreModBaseTransformer/COREMOD]: Transforming net/minecraft/world/level/levelgen/PatrolSpawner
[08Jul2026 01:16:16.172] [Server thread/DEBUG] [net.minecraftforge.coremod.transformer.CoreModBaseTransformer/COREMOD]: Transforming net/minecraft/world/entity/npc/CatSpawner
[08Jul2026 01:16:16.178] [Server thread/DEBUG] [net.minecraftforge.coremod.transformer.CoreModBaseTransformer/COREMOD]: Transforming net/minecraft/world/entity/ai/village/VillageSiege
[08Jul2026 01:16:19.629] [Server thread/INFO] [net.minecraft.server.MinecraftServer/]: Preparing start region for dimension minecraft:overworld
[08Jul2026 01:16:22.640] [Server thread/DEBUG] [net.minecraftforge.coremod.transformer.CoreModBaseTransformer/COREMOD]: Transforming net/minecraft/world/level/levelgen/structure/templatesystem/StructureTemplate
[08Jul2026 01:16:24.373] [Worker-Main-3/INFO] [net.minecraft.server.level.progress.LoggerChunkProgressListener/]: Preparing spawn area: 0%
[08Jul2026 01:16:24.533] [Worker-Main-3/INFO] [net.minecraft.server.level.progress.LoggerChunkProgressListener/]: Preparing spawn area: 0%
[08Jul2026 01:16:24.569] [Worker-Main-1/INFO] [net.minecraft.server.level.progress.LoggerChunkProgressListener/]: Preparing spawn area: 0%
[08Jul2026 01:16:24.570] [Worker-Main-3/INFO] [net.minecraft.server.level.progress.LoggerChunkProgressListener/]: Preparing spawn area: 0%
[08Jul2026 01:16:24.573] [Worker-Main-1/INFO] [net.minecraft.server.level.progress.LoggerChunkProgressListener/]: Preparing spawn area: 0%
[08Jul2026 01:16:24.575] [Netty Epoll Server IO #1/DEBUG] [io.netty.util.Recycler/]: -Dio.netty.recycler.maxCapacityPerThread: 4096
[08Jul2026 01:16:24.576] [Netty Epoll Server IO #1/DEBUG] [io.netty.util.Recycler/]: -Dio.netty.recycler.ratio: 8
[08Jul2026 01:16:24.576] [Netty Epoll Server IO #1/DEBUG] [io.netty.util.Recycler/]: -Dio.netty.recycler.chunkSize: 32
[08Jul2026 01:16:24.576] [Netty Epoll Server IO #1/DEBUG] [io.netty.util.Recycler/]: -Dio.netty.recycler.blocking: false
[08Jul2026 01:16:24.574] [Worker-Main-1/INFO] [net.minecraft.server.level.progress.LoggerChunkProgressListener/]: Preparing spawn area: 0%
[08Jul2026 01:16:24.582] [Worker-Main-1/INFO] [net.minecraft.server.level.progress.LoggerChunkProgressListener/]: Preparing spawn area: 0%
[08Jul2026 01:16:24.583] [Worker-Main-2/INFO] [net.minecraft.server.level.progress.LoggerChunkProgressListener/]: Preparing spawn area: 0%
[08Jul2026 01:16:24.584] [Netty Epoll Server IO #1/DEBUG] [io.netty.buffer.AbstractByteBuf/]: -Dio.netty.buffer.checkAccessible: true
[08Jul2026 01:16:24.585] [Netty Epoll Server IO #1/DEBUG] [io.netty.buffer.AbstractByteBuf/]: -Dio.netty.buffer.checkBounds: true
[08Jul2026 01:16:24.586] [Netty Epoll Server IO #1/DEBUG] [io.netty.util.ResourceLeakDetectorFactory/]: Loaded default ResourceLeakDetector: io.netty.util.ResourceLeakDetector@62945545
[08Jul2026 01:16:24.584] [Worker-Main-2/INFO] [net.minecraft.server.level.progress.LoggerChunkProgressListener/]: Preparing spawn area: 0%
[08Jul2026 01:16:24.588] [Worker-Main-2/INFO] [net.minecraft.server.level.progress.LoggerChunkProgressListener/]: Preparing spawn area: 0%
[08Jul2026 01:16:24.631] [Worker-Main-2/INFO] [net.minecraft.server.level.progress.LoggerChunkProgressListener/]: Preparing spawn area: 0%
[08Jul2026 01:16:24.637] [Netty Epoll Server IO #1/INFO] [net.minecraftforge.server.ServerLifecycleHooks/SERVERHOOKS]: Disconnecting Player (server is still starting): literal{Server is still starting! Please wait before reconnecting.}
[08Jul2026 01:16:25.130] [Worker-Main-3/INFO] [net.minecraft.server.level.progress.LoggerChunkProgressListener/]: Preparing spawn area: 4%
[08Jul2026 01:16:25.647] [Worker-Main-3/INFO] [net.minecraft.server.level.progress.LoggerChunkProgressListener/]: Preparing spawn area: 54%
[08Jul2026 01:16:26.093] [Server thread/INFO] [net.minecraft.server.level.progress.LoggerChunkProgressListener/]: Time elapsed: 6463 ms
[08Jul2026 01:16:26.094] [Server thread/INFO] [net.minecraft.server.dedicated.DedicatedServer/]: Done (10.060s)! For help, type "help"
[08Jul2026 01:16:26.107] [Server thread/DEBUG] [net.minecraftforge.network.DualStackUtils/]: Detected IPv6 address: "0:0:0:0:0:0:0:0"
[08Jul2026 01:16:26.119] [Server thread/DEBUG] [net.minecraftforge.common.ForgeI18n/CORE]: Loading I18N data entries: 902
[08Jul2026 01:16:26.123] [Server thread/INFO] [net.minecraftforge.server.permission.PermissionAPI/]: Successfully initialized permission handler forge:default_handler
[08Jul2026 01:16:26.159] [Server thread/DEBUG] [net.minecraftforge.coremod.transformer.CoreModBaseTransformer/COREMOD]: Transforming net/minecraft/world/level/NaturalSpawner
[08Jul2026 01:16:29.492] [Netty Epoll Server IO #3/DEBUG] [net.minecraftforge.network.HandshakeHandler/FMLHANDSHAKE]: Starting new modded impl connection. Found 24 messages to dispatch.
[08Jul2026 01:16:29.686] [Server thread/DEBUG] [net.minecraftforge.network.HandshakeHandler/FMLHANDSHAKE]: Sending ticking packet info 'net.minecraftforge.network.HandshakeMessages$S2CModData' to 'fml:handshake' sequence 0
[08Jul2026 01:16:29.730] [Server thread/DEBUG] [net.minecraftforge.network.HandshakeHandler/FMLHANDSHAKE]: Sending ticking packet info 'net.minecraftforge.network.HandshakeMessages$S2CModList' to 'fml:handshake' sequence 1
[08Jul2026 01:16:29.785] [Server thread/DEBUG] [net.minecraftforge.network.HandshakeHandler/FMLHANDSHAKE]: Sending ticking packet info 'Registry minecraft:command_argument_type' to 'fml:handshake' sequence 2
[08Jul2026 01:16:29.830] [Server thread/DEBUG] [net.minecraftforge.network.HandshakeHandler/FMLHANDSHAKE]: Sending ticking packet info 'Registry minecraft:recipe_serializer' to 'fml:handshake' sequence 3
[08Jul2026 01:16:29.881] [Server thread/DEBUG] [net.minecraftforge.network.HandshakeHandler/FMLHANDSHAKE]: Sending ticking packet info 'Registry minecraft:sound_event' to 'fml:handshake' sequence 4
[08Jul2026 01:16:29.932] [Server thread/DEBUG] [net.minecraftforge.network.HandshakeHandler/FMLHANDSHAKE]: Sending ticking packet info 'Registry minecraft:particle_type' to 'fml:handshake' sequence 5
[08Jul2026 01:16:29.972] [Netty Epoll Server IO #3/DEBUG] [net.minecraftforge.network.LoginWrapper/FMLHANDSHAKE]: Recieved login wrapper packet event for channel fml:handshake with index 1
[08Jul2026 01:16:29.979] [Netty Epoll Server IO #3/DEBUG] [net.minecraftforge.network.HandshakeHandler/FMLHANDSHAKE]: Received client indexed reply 1 of type net.minecraftforge.network.HandshakeMessages$C2SModListReply
[08Jul2026 01:16:29.980] [Netty Epoll Server IO #3/DEBUG] [net.minecraftforge.network.HandshakeHandler/FMLHANDSHAKE]: Received client connection with modlist [minecraft, stalker, cloth_config, forge, sophisticatedcore, sophisticatedbackpacks, geckolib, gravestone, jei]
[08Jul2026 01:16:29.980] [Server thread/DEBUG] [net.minecraftforge.network.HandshakeHandler/FMLHANDSHAKE]: Sending ticking packet info 'Registry minecraft:villager_profession' to 'fml:handshake' sequence 6
[08Jul2026 01:16:29.981] [Netty Epoll Server IO #3/DEBUG] [net.minecraftforge.network.NetworkRegistry/NETREGISTRY]: Channel 'fml:loginwrapper' : Version test of 'FML3' from client : ACCEPTED
[08Jul2026 01:16:29.981] [Netty Epoll Server IO #3/DEBUG] [net.minecraftforge.network.NetworkRegistry/NETREGISTRY]: Channel 'forge:tier_sorting' : Version test of '1.0' from client : ACCEPTED
[08Jul2026 01:16:29.981] [Netty Epoll Server IO #3/DEBUG] [net.minecraftforge.network.NetworkRegistry/NETREGISTRY]: Channel 'fml:handshake' : Version test of 'FML3' from client : ACCEPTED
[08Jul2026 01:16:29.981] [Netty Epoll Server IO #3/DEBUG] [net.minecraftforge.network.NetworkRegistry/NETREGISTRY]: Channel 'minecraft:unregister' : Version test of 'FML3' from client : ACCEPTED
[08Jul2026 01:16:29.981] [Netty Epoll Server IO #3/DEBUG] [net.minecraftforge.network.NetworkRegistry/NETREGISTRY]: Channel 'fml:play' : Version test of 'FML3' from client : ACCEPTED
[08Jul2026 01:16:29.981] [Netty Epoll Server IO #3/DEBUG] [net.minecraftforge.network.NetworkRegistry/NETREGISTRY]: Channel 'minecraft:register' : Version test of 'FML3' from client : ACCEPTED
[08Jul2026 01:16:29.981] [Netty Epoll Server IO #3/DEBUG] [net.minecraftforge.network.NetworkRegistry/NETREGISTRY]: Channel 'forge:split' : Version test of '1.1' from client : ACCEPTED
[08Jul2026 01:16:29.981] [Netty Epoll Server IO #3/DEBUG] [net.minecraftforge.network.NetworkRegistry/NETREGISTRY]: Channel 'sophisticatedbackpacks:channel' : Version test of '3.24.59.1960' from client : ACCEPTED
[08Jul2026 01:16:29.982] [Netty Epoll Server IO #3/DEBUG] [net.minecraftforge.network.NetworkRegistry/NETREGISTRY]: Channel 'geckolib:main' : Version test of '1' from client : ACCEPTED
[08Jul2026 01:16:29.982] [Netty Epoll Server IO #3/DEBUG] [net.minecraftforge.network.NetworkRegistry/NETREGISTRY]: Channel 'sophisticatedcore:channel' : Version test of '1.3.63.2106' from client : ACCEPTED
[08Jul2026 01:16:29.983] [Netty Epoll Server IO #3/DEBUG] [net.minecraftforge.network.NetworkRegistry/NETREGISTRY]: Channel 'gravestone:default' : Version test of '1.0.0' from client : ACCEPTED
[08Jul2026 01:16:29.983] [Netty Epoll Server IO #3/DEBUG] [net.minecraftforge.network.NetworkRegistry/NETREGISTRY]: Accepting channel list from client
[08Jul2026 01:16:29.984] [Netty Epoll Server IO #3/DEBUG] [net.minecraftforge.network.HandshakeHandler/FMLHANDSHAKE]: Accepted client connection mod list
[08Jul2026 01:16:30.013] [Netty Epoll Server IO #3/DEBUG] [net.minecraftforge.network.LoginWrapper/FMLHANDSHAKE]: Recieved login wrapper packet event for channel fml:handshake with index 2
[08Jul2026 01:16:30.013] [Netty Epoll Server IO #3/DEBUG] [net.minecraftforge.network.HandshakeHandler/FMLHANDSHAKE]: Received client indexed reply 2 of type net.minecraftforge.network.HandshakeMessages$C2SAcknowledge
[08Jul2026 01:16:30.013] [Netty Epoll Server IO #3/DEBUG] [net.minecraftforge.network.HandshakeHandler/FMLHANDSHAKE]: Received acknowledgement from client
[08Jul2026 01:16:30.028] [Server thread/DEBUG] [net.minecraftforge.network.HandshakeHandler/FMLHANDSHAKE]: Sending ticking packet info 'Registry minecraft:item' to 'fml:handshake' sequence 7
[08Jul2026 01:16:30.060] [Netty Epoll Server IO #3/DEBUG] [net.minecraftforge.network.LoginWrapper/FMLHANDSHAKE]: Recieved login wrapper packet event for channel fml:handshake with index 3
[08Jul2026 01:16:30.060] [Netty Epoll Server IO #3/DEBUG] [net.minecraftforge.network.HandshakeHandler/FMLHANDSHAKE]: Received client indexed reply 3 of type net.minecraftforge.network.HandshakeMessages$C2SAcknowledge
[08Jul2026 01:16:30.060] [Netty Epoll Server IO #3/DEBUG] [net.minecraftforge.network.HandshakeHandler/FMLHANDSHAKE]: Received acknowledgement from client
[08Jul2026 01:16:30.087] [Server thread/DEBUG] [net.minecraftforge.network.HandshakeHandler/FMLHANDSHAKE]: Sending ticking packet info 'Registry minecraft:potion' to 'fml:handshake' sequence 8
[08Jul2026 01:16:30.131] [Server thread/DEBUG] [net.minecraftforge.network.HandshakeHandler/FMLHANDSHAKE]: Sending ticking packet info 'Registry minecraft:painting_variant' to 'fml:handshake' sequence 9
[08Jul2026 01:16:30.179] [Server thread/DEBUG] [net.minecraftforge.network.HandshakeHandler/FMLHANDSHAKE]: Sending ticking packet info 'Registry forge:fluid_type' to 'fml:handshake' sequence 10
[08Jul2026 01:16:30.230] [Server thread/DEBUG] [net.minecraftforge.network.HandshakeHandler/FMLHANDSHAKE]: Sending ticking packet info 'Registry minecraft:block_entity_type' to 'fml:handshake' sequence 11
[08Jul2026 01:16:30.280] [Server thread/DEBUG] [net.minecraftforge.network.HandshakeHandler/FMLHANDSHAKE]: Sending ticking packet info 'Registry forge:display_contexts' to 'fml:handshake' sequence 12
[08Jul2026 01:16:30.329] [Server thread/DEBUG] [net.minecraftforge.network.HandshakeHandler/FMLHANDSHAKE]: Sending ticking packet info 'Registry minecraft:block' to 'fml:handshake' sequence 13
[08Jul2026 01:16:30.381] [Server thread/DEBUG] [net.minecraftforge.network.HandshakeHandler/FMLHANDSHAKE]: Sending ticking packet info 'Registry forge:entity_data_serializers' to 'fml:handshake' sequence 14
[08Jul2026 01:16:30.435] [Server thread/DEBUG] [net.minecraftforge.network.HandshakeHandler/FMLHANDSHAKE]: Sending ticking packet info 'Registry minecraft:mob_effect' to 'fml:handshake' sequence 15
[08Jul2026 01:16:30.479] [Server thread/DEBUG] [net.minecraftforge.network.HandshakeHandler/FMLHANDSHAKE]: Sending ticking packet info 'Registry minecraft:stat_type' to 'fml:handshake' sequence 16
[08Jul2026 01:16:30.528] [Server thread/DEBUG] [net.minecraftforge.network.HandshakeHandler/FMLHANDSHAKE]: Sending ticking packet info 'Registry minecraft:menu' to 'fml:handshake' sequence 17
[08Jul2026 01:16:30.579] [Server thread/DEBUG] [net.minecraftforge.network.HandshakeHandler/FMLHANDSHAKE]: Sending ticking packet info 'Registry minecraft:enchantment' to 'fml:handshake' sequence 18
[08Jul2026 01:16:30.628] [Server thread/DEBUG] [net.minecraftforge.network.HandshakeHandler/FMLHANDSHAKE]: Sending ticking packet info 'Registry minecraft:fluid' to 'fml:handshake' sequence 19
[08Jul2026 01:16:30.680] [Server thread/DEBUG] [net.minecraftforge.network.HandshakeHandler/FMLHANDSHAKE]: Sending ticking packet info 'Registry minecraft:entity_type' to 'fml:handshake' sequence 20
[08Jul2026 01:16:30.729] [Server thread/DEBUG] [net.minecraftforge.network.HandshakeHandler/FMLHANDSHAKE]: Sending ticking packet info 'Config gravestone-server.toml' to 'fml:handshake' sequence 21
[08Jul2026 01:16:30.778] [Server thread/DEBUG] [net.minecraftforge.network.HandshakeHandler/FMLHANDSHAKE]: Sending ticking packet info 'Config sophisticatedbackpacks-server.toml' to 'fml:handshake' sequence 22
[08Jul2026 01:16:30.794] [Netty Epoll Server IO #3/DEBUG] [net.minecraftforge.network.LoginWrapper/FMLHANDSHAKE]: Recieved login wrapper packet event for channel fml:handshake with index 4
[08Jul2026 01:16:30.795] [Netty Epoll Server IO #3/DEBUG] [net.minecraftforge.network.HandshakeHandler/FMLHANDSHAKE]: Received client indexed reply 4 of type net.minecraftforge.network.HandshakeMessages$C2SAcknowledge
[08Jul2026 01:16:30.795] [Netty Epoll Server IO #3/DEBUG] [net.minecraftforge.network.HandshakeHandler/FMLHANDSHAKE]: Received acknowledgement from client
[08Jul2026 01:16:30.796] [Netty Epoll Server IO #3/DEBUG] [net.minecraftforge.network.LoginWrapper/FMLHANDSHAKE]: Recieved login wrapper packet event for channel fml:handshake with index 5
[08Jul2026 01:16:30.796] [Netty Epoll Server IO #3/DEBUG] [net.minecraftforge.network.HandshakeHandler/FMLHANDSHAKE]: Received client indexed reply 5 of type net.minecraftforge.network.HandshakeMessages$C2SAcknowledge
[08Jul2026 01:16:30.796] [Netty Epoll Server IO #3/DEBUG] [net.minecraftforge.network.HandshakeHandler/FMLHANDSHAKE]: Received acknowledgement from client
[08Jul2026 01:16:30.797] [Netty Epoll Server IO #3/DEBUG] [net.minecraftforge.network.LoginWrapper/FMLHANDSHAKE]: Recieved login wrapper packet event for channel fml:handshake with index 6
[08Jul2026 01:16:30.797] [Netty Epoll Server IO #3/DEBUG] [net.minecraftforge.network.HandshakeHandler/FMLHANDSHAKE]: Received client indexed reply 6 of type net.minecraftforge.network.HandshakeMessages$C2SAcknowledge
[08Jul2026 01:16:30.797] [Netty Epoll Server IO #3/DEBUG] [net.minecraftforge.network.HandshakeHandler/FMLHANDSHAKE]: Received acknowledgement from client
[08Jul2026 01:16:30.829] [Server thread/DEBUG] [net.minecraftforge.network.HandshakeHandler/FMLHANDSHAKE]: Sending ticking packet info 'Config forge-server.toml' to 'fml:handshake' sequence 23
[08Jul2026 01:16:30.960] [Netty Epoll Server IO #3/DEBUG] [net.minecraftforge.network.LoginWrapper/FMLHANDSHAKE]: Recieved login wrapper packet event for channel fml:handshake with index 7
[08Jul2026 01:16:30.960] [Netty Epoll Server IO #3/DEBUG] [net.minecraftforge.network.HandshakeHandler/FMLHANDSHAKE]: Received client indexed reply 7 of type net.minecraftforge.network.HandshakeMessages$C2SAcknowledge
[08Jul2026 01:16:30.960] [Netty Epoll Server IO #3/DEBUG] [net.minecraftforge.network.HandshakeHandler/FMLHANDSHAKE]: Received acknowledgement from client
[08Jul2026 01:16:30.961] [Netty Epoll Server IO #3/DEBUG] [net.minecraftforge.network.LoginWrapper/FMLHANDSHAKE]: Recieved login wrapper packet event for channel fml:handshake with index 8
[08Jul2026 01:16:30.961] [Netty Epoll Server IO #3/DEBUG] [net.minecraftforge.network.HandshakeHandler/FMLHANDSHAKE]: Received client indexed reply 8 of type net.minecraftforge.network.HandshakeMessages$C2SAcknowledge
[08Jul2026 01:16:30.961] [Netty Epoll Server IO #3/DEBUG] [net.minecraftforge.network.HandshakeHandler/FMLHANDSHAKE]: Received acknowledgement from client
[08Jul2026 01:16:30.961] [Netty Epoll Server IO #3/DEBUG] [net.minecraftforge.network.LoginWrapper/FMLHANDSHAKE]: Recieved login wrapper packet event for channel fml:handshake with index 9
[08Jul2026 01:16:30.961] [Netty Epoll Server IO #3/DEBUG] [net.minecraftforge.network.HandshakeHandler/FMLHANDSHAKE]: Received client indexed reply 9 of type net.minecraftforge.network.HandshakeMessages$C2SAcknowledge
[08Jul2026 01:16:30.961] [Netty Epoll Server IO #3/DEBUG] [net.minecraftforge.network.HandshakeHandler/FMLHANDSHAKE]: Received acknowledgement from client
[08Jul2026 01:16:30.961] [Netty Epoll Server IO #3/DEBUG] [net.minecraftforge.network.LoginWrapper/FMLHANDSHAKE]: Recieved login wrapper packet event for channel fml:handshake with index 10
[08Jul2026 01:16:30.961] [Netty Epoll Server IO #3/DEBUG] [net.minecraftforge.network.HandshakeHandler/FMLHANDSHAKE]: Received client indexed reply 10 of type net.minecraftforge.network.HandshakeMessages$C2SAcknowledge
[08Jul2026 01:16:30.962] [Netty Epoll Server IO #3/DEBUG] [net.minecraftforge.network.HandshakeHandler/FMLHANDSHAKE]: Received acknowledgement from client
[08Jul2026 01:16:30.962] [Netty Epoll Server IO #3/DEBUG] [net.minecraftforge.network.LoginWrapper/FMLHANDSHAKE]: Recieved login wrapper packet event for channel fml:handshake with index 11
[08Jul2026 01:16:30.962] [Netty Epoll Server IO #3/DEBUG] [net.minecraftforge.network.HandshakeHandler/FMLHANDSHAKE]: Received client indexed reply 11 of type net.minecraftforge.network.HandshakeMessages$C2SAcknowledge
[08Jul2026 01:16:30.962] [Netty Epoll Server IO #3/DEBUG] [net.minecraftforge.network.HandshakeHandler/FMLHANDSHAKE]: Received acknowledgement from client
[08Jul2026 01:16:30.962] [Netty Epoll Server IO #3/DEBUG] [net.minecraftforge.network.LoginWrapper/FMLHANDSHAKE]: Recieved login wrapper packet event for channel fml:handshake with index 12
[08Jul2026 01:16:30.962] [Netty Epoll Server IO #3/DEBUG] [net.minecraftforge.network.HandshakeHandler/FMLHANDSHAKE]: Received client indexed reply 12 of type net.minecraftforge.network.HandshakeMessages$C2SAcknowledge
[08Jul2026 01:16:30.962] [Netty Epoll Server IO #3/DEBUG] [net.minecraftforge.network.HandshakeHandler/FMLHANDSHAKE]: Received acknowledgement from client
[08Jul2026 01:16:31.032] [Netty Epoll Server IO #3/DEBUG] [net.minecraftforge.network.LoginWrapper/FMLHANDSHAKE]: Recieved login wrapper packet event for channel fml:handshake with index 13
[08Jul2026 01:16:31.032] [Netty Epoll Server IO #3/DEBUG] [net.minecraftforge.network.HandshakeHandler/FMLHANDSHAKE]: Received client indexed reply 13 of type net.minecraftforge.network.HandshakeMessages$C2SAcknowledge
[08Jul2026 01:16:31.032] [Netty Epoll Server IO #3/DEBUG] [net.minecraftforge.network.HandshakeHandler/FMLHANDSHAKE]: Received acknowledgement from client
[08Jul2026 01:16:31.032] [Netty Epoll Server IO #3/DEBUG] [net.minecraftforge.network.LoginWrapper/FMLHANDSHAKE]: Recieved login wrapper packet event for channel fml:handshake with index 14
[08Jul2026 01:16:31.033] [Netty Epoll Server IO #3/DEBUG] [net.minecraftforge.network.HandshakeHandler/FMLHANDSHAKE]: Received client indexed reply 14 of type net.minecraftforge.network.HandshakeMessages$C2SAcknowledge
[08Jul2026 01:16:31.033] [Netty Epoll Server IO #3/DEBUG] [net.minecraftforge.network.HandshakeHandler/FMLHANDSHAKE]: Received acknowledgement from client
[08Jul2026 01:16:31.033] [Netty Epoll Server IO #3/DEBUG] [net.minecraftforge.network.LoginWrapper/FMLHANDSHAKE]: Recieved login wrapper packet event for channel fml:handshake with index 15
[08Jul2026 01:16:31.033] [Netty Epoll Server IO #3/DEBUG] [net.minecraftforge.network.HandshakeHandler/FMLHANDSHAKE]: Received client indexed reply 15 of type net.minecraftforge.network.HandshakeMessages$C2SAcknowledge
[08Jul2026 01:16:31.033] [Netty Epoll Server IO #3/DEBUG] [net.minecraftforge.network.HandshakeHandler/FMLHANDSHAKE]: Received acknowledgement from client
[08Jul2026 01:16:31.033] [Netty Epoll Server IO #3/DEBUG] [net.minecraftforge.network.LoginWrapper/FMLHANDSHAKE]: Recieved login wrapper packet event for channel fml:handshake with index 16
[08Jul2026 01:16:31.034] [Netty Epoll Server IO #3/DEBUG] [net.minecraftforge.network.HandshakeHandler/FMLHANDSHAKE]: Received client indexed reply 16 of type net.minecraftforge.network.HandshakeMessages$C2SAcknowledge
[08Jul2026 01:16:31.034] [Netty Epoll Server IO #3/DEBUG] [net.minecraftforge.network.HandshakeHandler/FMLHANDSHAKE]: Received acknowledgement from client
[08Jul2026 01:16:31.034] [Netty Epoll Server IO #3/DEBUG] [net.minecraftforge.network.LoginWrapper/FMLHANDSHAKE]: Recieved login wrapper packet event for channel fml:handshake with index 17
[08Jul2026 01:16:31.034] [Netty Epoll Server IO #3/DEBUG] [net.minecraftforge.network.HandshakeHandler/FMLHANDSHAKE]: Received client indexed reply 17 of type net.minecraftforge.network.HandshakeMessages$C2SAcknowledge
[08Jul2026 01:16:31.034] [Netty Epoll Server IO #3/DEBUG] [net.minecraftforge.network.HandshakeHandler/FMLHANDSHAKE]: Received acknowledgement from client
[08Jul2026 01:16:31.034] [Netty Epoll Server IO #3/DEBUG] [net.minecraftforge.network.LoginWrapper/FMLHANDSHAKE]: Recieved login wrapper packet event for channel fml:handshake with index 18
[08Jul2026 01:16:31.034] [Netty Epoll Server IO #3/DEBUG] [net.minecraftforge.network.HandshakeHandler/FMLHANDSHAKE]: Received client indexed reply 18 of type net.minecraftforge.network.HandshakeMessages$C2SAcknowledge
[08Jul2026 01:16:31.034] [Netty Epoll Server IO #3/DEBUG] [net.minecraftforge.network.HandshakeHandler/FMLHANDSHAKE]: Received acknowledgement from client
[08Jul2026 01:16:31.034] [Netty Epoll Server IO #3/DEBUG] [net.minecraftforge.network.LoginWrapper/FMLHANDSHAKE]: Recieved login wrapper packet event for channel fml:handshake with index 19
[08Jul2026 01:16:31.034] [Netty Epoll Server IO #3/DEBUG] [net.minecraftforge.network.HandshakeHandler/FMLHANDSHAKE]: Received client indexed reply 19 of type net.minecraftforge.network.HandshakeMessages$C2SAcknowledge
[08Jul2026 01:16:31.034] [Netty Epoll Server IO #3/DEBUG] [net.minecraftforge.network.HandshakeHandler/FMLHANDSHAKE]: Received acknowledgement from client
[08Jul2026 01:16:31.509] [Netty Epoll Server IO #3/DEBUG] [net.minecraftforge.network.LoginWrapper/FMLHANDSHAKE]: Recieved login wrapper packet event for channel fml:handshake with index 20
[08Jul2026 01:16:31.509] [Netty Epoll Server IO #3/DEBUG] [net.minecraftforge.network.HandshakeHandler/FMLHANDSHAKE]: Received client indexed reply 20 of type net.minecraftforge.network.HandshakeMessages$C2SAcknowledge
[08Jul2026 01:16:31.509] [Netty Epoll Server IO #3/DEBUG] [net.minecraftforge.network.HandshakeHandler/FMLHANDSHAKE]: Received acknowledgement from client
[08Jul2026 01:16:31.510] [Netty Epoll Server IO #3/DEBUG] [net.minecraftforge.network.LoginWrapper/FMLHANDSHAKE]: Recieved login wrapper packet event for channel fml:handshake with index 21
[08Jul2026 01:16:31.510] [Netty Epoll Server IO #3/DEBUG] [net.minecraftforge.network.HandshakeHandler/FMLHANDSHAKE]: Received client indexed reply 21 of type net.minecraftforge.network.HandshakeMessages$C2SAcknowledge
[08Jul2026 01:16:31.510] [Netty Epoll Server IO #3/DEBUG] [net.minecraftforge.network.HandshakeHandler/FMLHANDSHAKE]: Received acknowledgement from client
[08Jul2026 01:16:31.513] [Netty Epoll Server IO #3/DEBUG] [net.minecraftforge.network.LoginWrapper/FMLHANDSHAKE]: Recieved login wrapper packet event for channel fml:handshake with index 22
[08Jul2026 01:16:31.513] [Netty Epoll Server IO #3/DEBUG] [net.minecraftforge.network.HandshakeHandler/FMLHANDSHAKE]: Received client indexed reply 22 of type net.minecraftforge.network.HandshakeMessages$C2SAcknowledge
[08Jul2026 01:16:31.513] [Netty Epoll Server IO #3/DEBUG] [net.minecraftforge.network.HandshakeHandler/FMLHANDSHAKE]: Received acknowledgement from client
[08Jul2026 01:16:31.515] [Netty Epoll Server IO #3/DEBUG] [net.minecraftforge.network.LoginWrapper/FMLHANDSHAKE]: Recieved login wrapper packet event for channel fml:handshake with index 23
[08Jul2026 01:16:31.515] [Netty Epoll Server IO #3/DEBUG] [net.minecraftforge.network.HandshakeHandler/FMLHANDSHAKE]: Received client indexed reply 23 of type net.minecraftforge.network.HandshakeMessages$C2SAcknowledge
[08Jul2026 01:16:31.515] [Netty Epoll Server IO #3/DEBUG] [net.minecraftforge.network.HandshakeHandler/FMLHANDSHAKE]: Received acknowledgement from client
[08Jul2026 01:16:31.528] [Server thread/DEBUG] [net.minecraftforge.network.HandshakeHandler/FMLHANDSHAKE]: Handshake complete!
[08Jul2026 01:16:31.641] [Server thread/INFO] [net.minecraft.server.players.PlayerList/]: CanFake[/127.146.162.194:47411] logged in with entity id 102 at (-455.5, 73.5625, -363.5)
[08Jul2026 01:16:31.652] [Server thread/DEBUG] [net.minecraftforge.network.filters.NetworkFilters/]: Injected net.minecraftforge.network.filters.ForgeConnectionNetworkFilter@2158b716 into net.minecraft.network.Connection@ceda4b
[08Jul2026 01:16:31.746] [Server thread/INFO] [net.minecraft.server.MinecraftServer/]: CanFake joined the game
[08Jul2026 01:16:33.720] [Server thread/DEBUG] [io.netty.util.internal.ThreadLocalRandom/]: -Dio.netty.initialSeedUniquifier: 0x4a412e0d2f66ccc1
[08Jul2026 01:16:35.677] [Server thread/WARN] [net.minecraft.world.level.entity.PersistentEntitySectionManager/]: UUID of added entity already exists: Creeper['Creeper'/293, l='ServerLevel[world]', x=-463.48, y=0.00, z=-464.50]
[08Jul2026 01:17:09.813] [Netty Epoll Server IO #0/DEBUG] [net.minecraftforge.network.HandshakeHandler/FMLHANDSHAKE]: Starting new modded impl connection. Found 24 messages to dispatch.
[08Jul2026 01:17:09.886] [Server thread/DEBUG] [net.minecraftforge.network.HandshakeHandler/FMLHANDSHAKE]: Sending ticking packet info 'net.minecraftforge.network.HandshakeMessages$S2CModData' to 'fml:handshake' sequence 0
[08Jul2026 01:17:09.935] [Server thread/DEBUG] [net.minecraftforge.network.HandshakeHandler/FMLHANDSHAKE]: Sending ticking packet info 'net.minecraftforge.network.HandshakeMessages$S2CModList' to 'fml:handshake' sequence 1
[08Jul2026 01:17:09.986] [Server thread/DEBUG] [net.minecraftforge.network.HandshakeHandler/FMLHANDSHAKE]: Sending ticking packet info 'Registry minecraft:command_argument_type' to 'fml:handshake' sequence 2
[08Jul2026 01:17:10.035] [Server thread/DEBUG] [net.minecraftforge.network.HandshakeHandler/FMLHANDSHAKE]: Sending ticking packet info 'Registry minecraft:recipe_serializer' to 'fml:handshake' sequence 3
[08Jul2026 01:17:10.088] [Server thread/DEBUG] [net.minecraftforge.network.HandshakeHandler/FMLHANDSHAKE]: Sending ticking packet info 'Registry minecraft:sound_event' to 'fml:handshake' sequence 4
[08Jul2026 01:17:10.139] [Server thread/DEBUG] [net.minecraftforge.network.HandshakeHandler/FMLHANDSHAKE]: Sending ticking packet info 'Registry minecraft:particle_type' to 'fml:handshake' sequence 5
[08Jul2026 01:17:10.190] [Server thread/DEBUG] [net.minecraftforge.network.HandshakeHandler/FMLHANDSHAKE]: Sending ticking packet info 'Registry minecraft:villager_profession' to 'fml:handshake' sequence 6
[08Jul2026 01:17:10.241] [Server thread/DEBUG] [net.minecraftforge.network.HandshakeHandler/FMLHANDSHAKE]: Sending ticking packet info 'Registry minecraft:item' to 'fml:handshake' sequence 7
[08Jul2026 01:17:10.287] [Server thread/DEBUG] [net.minecraftforge.network.HandshakeHandler/FMLHANDSHAKE]: Sending ticking packet info 'Registry minecraft:potion' to 'fml:handshake' sequence 8
[08Jul2026 01:17:10.338] [Server thread/DEBUG] [net.minecraftforge.network.HandshakeHandler/FMLHANDSHAKE]: Sending ticking packet info 'Registry minecraft:painting_variant' to 'fml:handshake' sequence 9
[08Jul2026 01:17:10.387] [Server thread/DEBUG] [net.minecraftforge.network.HandshakeHandler/FMLHANDSHAKE]: Sending ticking packet info 'Registry forge:fluid_type' to 'fml:handshake' sequence 10
[08Jul2026 01:17:10.441] [Server thread/DEBUG] [net.minecraftforge.network.HandshakeHandler/FMLHANDSHAKE]: Sending ticking packet info 'Registry minecraft:block_entity_type' to 'fml:handshake' sequence 11
[08Jul2026 01:17:10.492] [Server thread/DEBUG] [net.minecraftforge.network.HandshakeHandler/FMLHANDSHAKE]: Sending ticking packet info 'Registry forge:display_contexts' to 'fml:handshake' sequence 12
[08Jul2026 01:17:10.538] [Server thread/DEBUG] [net.minecraftforge.network.HandshakeHandler/FMLHANDSHAKE]: Sending ticking packet info 'Registry minecraft:block' to 'fml:handshake' sequence 13
[08Jul2026 01:17:10.589] [Server thread/DEBUG] [net.minecraftforge.network.HandshakeHandler/FMLHANDSHAKE]: Sending ticking packet info 'Registry forge:entity_data_serializers' to 'fml:handshake' sequence 14
[08Jul2026 01:17:10.639] [Server thread/DEBUG] [net.minecraftforge.network.HandshakeHandler/FMLHANDSHAKE]: Sending ticking packet info 'Registry minecraft:mob_effect' to 'fml:handshake' sequence 15
[08Jul2026 01:17:10.687] [Server thread/DEBUG] [net.minecraftforge.network.HandshakeHandler/FMLHANDSHAKE]: Sending ticking packet info 'Registry minecraft:stat_type' to 'fml:handshake' sequence 16
[08Jul2026 01:17:10.738] [Server thread/DEBUG] [net.minecraftforge.network.HandshakeHandler/FMLHANDSHAKE]: Sending ticking packet info 'Registry minecraft:menu' to 'fml:handshake' sequence 17
[08Jul2026 01:17:10.792] [Server thread/DEBUG] [net.minecraftforge.network.HandshakeHandler/FMLHANDSHAKE]: Sending ticking packet info 'Registry minecraft:enchantment' to 'fml:handshake' sequence 18
[08Jul2026 01:17:10.838] [Server thread/DEBUG] [net.minecraftforge.network.HandshakeHandler/FMLHANDSHAKE]: Sending ticking packet info 'Registry minecraft:fluid' to 'fml:handshake' sequence 19
[08Jul2026 01:17:10.891] [Server thread/DEBUG] [net.minecraftforge.network.HandshakeHandler/FMLHANDSHAKE]: Sending ticking packet info 'Registry minecraft:entity_type' to 'fml:handshake' sequence 20
[08Jul2026 01:17:10.939] [Server thread/DEBUG] [net.minecraftforge.network.HandshakeHandler/FMLHANDSHAKE]: Sending ticking packet info 'Config gravestone-server.toml' to 'fml:handshake' sequence 21
[08Jul2026 01:17:10.987] [Server thread/DEBUG] [net.minecraftforge.network.HandshakeHandler/FMLHANDSHAKE]: Sending ticking packet info 'Config sophisticatedbackpacks-server.toml' to 'fml:handshake' sequence 22
[08Jul2026 01:17:11.036] [Server thread/DEBUG] [net.minecraftforge.network.HandshakeHandler/FMLHANDSHAKE]: Sending ticking packet info 'Config forge-server.toml' to 'fml:handshake' sequence 23
[08Jul2026 01:17:22.264] [Netty Epoll Server IO #2/DEBUG] [net.minecraftforge.network.HandshakeHandler/FMLHANDSHAKE]: Starting new modded impl connection. Found 24 messages to dispatch.
[08Jul2026 01:17:22.345] [Server thread/DEBUG] [net.minecraftforge.network.HandshakeHandler/FMLHANDSHAKE]: Sending ticking packet info 'net.minecraftforge.network.HandshakeMessages$S2CModData' to 'fml:handshake' sequence 0
[08Jul2026 01:17:22.385] [Server thread/DEBUG] [net.minecraftforge.network.HandshakeHandler/FMLHANDSHAKE]: Sending ticking packet info 'net.minecraftforge.network.HandshakeMessages$S2CModList' to 'fml:handshake' sequence 1
[08Jul2026 01:17:22.436] [Server thread/DEBUG] [net.minecraftforge.network.HandshakeHandler/FMLHANDSHAKE]: Sending ticking packet info 'Registry minecraft:command_argument_type' to 'fml:handshake' sequence 2
[08Jul2026 01:17:22.469] [Netty Epoll Server IO #2/DEBUG] [net.minecraftforge.network.LoginWrapper/FMLHANDSHAKE]: Recieved login wrapper packet event for channel fml:handshake with index 1
[08Jul2026 01:17:22.469] [Netty Epoll Server IO #2/DEBUG] [net.minecraftforge.network.HandshakeHandler/FMLHANDSHAKE]: Received client indexed reply 1 of type net.minecraftforge.network.HandshakeMessages$C2SModListReply
[08Jul2026 01:17:22.469] [Netty Epoll Server IO #2/DEBUG] [net.minecraftforge.network.HandshakeHandler/FMLHANDSHAKE]: Received client connection with modlist [radium, kuma_api, geckolib, connectivity, trender, sophisticatedcore, controlling, modernfix, jei, sophisticatedbackpacks, clickadv, farsight_view, balm, fusion, fpsreducer, cloth_config, forge, sodiumdynamiclights, embeddium, rubidium, logbegone, minecraft, smoothchunk, okzoomer, entity_model_features, entity_texture_features, fabric_api_base, mousetweaks, nochatreports, boatiview, e4mc_minecraft, citresewn, oculus, gravestone, searchables, entityculling, stalker, immediatelyfast, ferritecore, embeddium_extra, cupboard, transition, rrls, yeetusexperimentus, renderscale]
[08Jul2026 01:17:22.469] [Netty Epoll Server IO #2/DEBUG] [net.minecraftforge.network.NetworkRegistry/NETREGISTRY]: Channel 'fml:loginwrapper' : Version test of 'FML3' from client : ACCEPTED
[08Jul2026 01:17:22.469] [Netty Epoll Server IO #2/DEBUG] [net.minecraftforge.network.NetworkRegistry/NETREGISTRY]: Channel 'forge:tier_sorting' : Version test of '1.0' from client : ACCEPTED
[08Jul2026 01:17:22.470] [Netty Epoll Server IO #2/DEBUG] [net.minecraftforge.network.NetworkRegistry/NETREGISTRY]: Channel 'fml:handshake' : Version test of 'FML3' from client : ACCEPTED
[08Jul2026 01:17:22.470] [Netty Epoll Server IO #2/DEBUG] [net.minecraftforge.network.NetworkRegistry/NETREGISTRY]: Channel 'minecraft:unregister' : Version test of 'FML3' from client : ACCEPTED
[08Jul2026 01:17:22.470] [Netty Epoll Server IO #2/DEBUG] [net.minecraftforge.network.NetworkRegistry/NETREGISTRY]: Channel 'fml:play' : Version test of 'FML3' from client : ACCEPTED
[08Jul2026 01:17:22.470] [Netty Epoll Server IO #2/DEBUG] [net.minecraftforge.network.NetworkRegistry/NETREGISTRY]: Channel 'minecraft:register' : Version test of 'FML3' from client : ACCEPTED
[08Jul2026 01:17:22.470] [Netty Epoll Server IO #2/DEBUG] [net.minecraftforge.network.NetworkRegistry/NETREGISTRY]: Channel 'forge:split' : Version test of '1.1' from client : ACCEPTED
[08Jul2026 01:17:22.470] [Netty Epoll Server IO #2/DEBUG] [net.minecraftforge.network.NetworkRegistry/NETREGISTRY]: Channel 'sophisticatedbackpacks:channel' : Version test of '3.24.59.1960' from client : ACCEPTED
[08Jul2026 01:17:22.470] [Netty Epoll Server IO #2/DEBUG] [net.minecraftforge.network.NetworkRegistry/NETREGISTRY]: Channel 'geckolib:main' : Version test of '1' from client : ACCEPTED
[08Jul2026 01:17:22.470] [Netty Epoll Server IO #2/DEBUG] [net.minecraftforge.network.NetworkRegistry/NETREGISTRY]: Channel 'sophisticatedcore:channel' : Version test of '1.3.63.2106' from client : ACCEPTED
[08Jul2026 01:17:22.470] [Netty Epoll Server IO #2/DEBUG] [net.minecraftforge.network.NetworkRegistry/NETREGISTRY]: Channel 'gravestone:default' : Version test of '1.0.0' from client : ACCEPTED
[08Jul2026 01:17:22.470] [Netty Epoll Server IO #2/DEBUG] [net.minecraftforge.network.NetworkRegistry/NETREGISTRY]: Accepting channel list from client
[08Jul2026 01:17:22.470] [Netty Epoll Server IO #2/DEBUG] [net.minecraftforge.network.HandshakeHandler/FMLHANDSHAKE]: Accepted client connection mod list
[08Jul2026 01:17:22.488] [Server thread/DEBUG] [net.minecraftforge.network.HandshakeHandler/FMLHANDSHAKE]: Sending ticking packet info 'Registry minecraft:recipe_serializer' to 'fml:handshake' sequence 3
[08Jul2026 01:17:22.519] [Netty Epoll Server IO #2/DEBUG] [net.minecraftforge.network.LoginWrapper/FMLHANDSHAKE]: Recieved login wrapper packet event for channel fml:handshake with index 2
[08Jul2026 01:17:22.519] [Netty Epoll Server IO #2/DEBUG] [net.minecraftforge.network.HandshakeHandler/FMLHANDSHAKE]: Received client indexed reply 2 of type net.minecraftforge.network.HandshakeMessages$C2SAcknowledge
[08Jul2026 01:17:22.519] [Netty Epoll Server IO #2/DEBUG] [net.minecraftforge.network.HandshakeHandler/FMLHANDSHAKE]: Received acknowledgement from client
[08Jul2026 01:17:22.539] [Server thread/DEBUG] [net.minecraftforge.network.HandshakeHandler/FMLHANDSHAKE]: Sending ticking packet info 'Registry minecraft:sound_event' to 'fml:handshake' sequence 4
[08Jul2026 01:17:22.571] [Netty Epoll Server IO #2/DEBUG] [net.minecraftforge.network.LoginWrapper/FMLHANDSHAKE]: Recieved login wrapper packet event for channel fml:handshake with index 3
[08Jul2026 01:17:22.571] [Netty Epoll Server IO #2/DEBUG] [net.minecraftforge.network.HandshakeHandler/FMLHANDSHAKE]: Received client indexed reply 3 of type net.minecraftforge.network.HandshakeMessages$C2SAcknowledge
[08Jul2026 01:17:22.571] [Netty Epoll Server IO #2/DEBUG] [net.minecraftforge.network.HandshakeHandler/FMLHANDSHAKE]: Received acknowledgement from client
[08Jul2026 01:17:22.588] [Server thread/DEBUG] [net.minecraftforge.network.HandshakeHandler/FMLHANDSHAKE]: Sending ticking packet info 'Registry minecraft:particle_type' to 'fml:handshake' sequence 5
[08Jul2026 01:17:22.635] [Server thread/DEBUG] [net.minecraftforge.network.HandshakeHandler/FMLHANDSHAKE]: Sending ticking packet info 'Registry minecraft:villager_profession' to 'fml:handshake' sequence 6
[08Jul2026 01:17:22.685] [Server thread/DEBUG] [net.minecraftforge.network.HandshakeHandler/FMLHANDSHAKE]: Sending ticking packet info 'Registry minecraft:item' to 'fml:handshake' sequence 7
[08Jul2026 01:17:22.737] [Server thread/DEBUG] [net.minecraftforge.network.HandshakeHandler/FMLHANDSHAKE]: Sending ticking packet info 'Registry minecraft:potion' to 'fml:handshake' sequence 8
[08Jul2026 01:17:22.786] [Server thread/DEBUG] [net.minecraftforge.network.HandshakeHandler/FMLHANDSHAKE]: Sending ticking packet info 'Registry minecraft:painting_variant' to 'fml:handshake' sequence 9
[08Jul2026 01:17:22.788] [Netty Epoll Server IO #2/DEBUG] [net.minecraftforge.network.LoginWrapper/FMLHANDSHAKE]: Recieved login wrapper packet event for channel fml:handshake with index 4
[08Jul2026 01:17:22.788] [Netty Epoll Server IO #2/DEBUG] [net.minecraftforge.network.HandshakeHandler/FMLHANDSHAKE]: Received client indexed reply 4 of type net.minecraftforge.network.HandshakeMessages$C2SAcknowledge
[08Jul2026 01:17:22.788] [Netty Epoll Server IO #2/DEBUG] [net.minecraftforge.network.HandshakeHandler/FMLHANDSHAKE]: Received acknowledgement from client
[08Jul2026 01:17:22.788] [Netty Epoll Server IO #2/DEBUG] [net.minecraftforge.network.LoginWrapper/FMLHANDSHAKE]: Recieved login wrapper packet event for channel fml:handshake with index 5
[08Jul2026 01:17:22.788] [Netty Epoll Server IO #2/DEBUG] [net.minecraftforge.network.HandshakeHandler/FMLHANDSHAKE]: Received client indexed reply 5 of type net.minecraftforge.network.HandshakeMessages$C2SAcknowledge
[08Jul2026 01:17:22.788] [Netty Epoll Server IO #2/DEBUG] [net.minecraftforge.network.HandshakeHandler/FMLHANDSHAKE]: Received acknowledgement from client
[08Jul2026 01:17:22.790] [Netty Epoll Server IO #2/DEBUG] [net.minecraftforge.network.LoginWrapper/FMLHANDSHAKE]: Recieved login wrapper packet event for channel fml:handshake with index 6
[08Jul2026 01:17:22.790] [Netty Epoll Server IO #2/DEBUG] [net.minecraftforge.network.HandshakeHandler/FMLHANDSHAKE]: Received client indexed reply 6 of type net.minecraftforge.network.HandshakeMessages$C2SAcknowledge
[08Jul2026 01:17:22.790] [Netty Epoll Server IO #2/DEBUG] [net.minecraftforge.network.HandshakeHandler/FMLHANDSHAKE]: Received acknowledgement from client
[08Jul2026 01:17:22.825] [Netty Epoll Server IO #2/DEBUG] [net.minecraftforge.network.LoginWrapper/FMLHANDSHAKE]: Recieved login wrapper packet event for channel fml:handshake with index 7
[08Jul2026 01:17:22.825] [Netty Epoll Server IO #2/DEBUG] [net.minecraftforge.network.HandshakeHandler/FMLHANDSHAKE]: Received client indexed reply 7 of type net.minecraftforge.network.HandshakeMessages$C2SAcknowledge
[08Jul2026 01:17:22.826] [Netty Epoll Server IO #2/DEBUG] [net.minecraftforge.network.HandshakeHandler/FMLHANDSHAKE]: Received acknowledgement from client
[08Jul2026 01:17:22.826] [Netty Epoll Server IO #2/DEBUG] [net.minecraftforge.network.LoginWrapper/FMLHANDSHAKE]: Recieved login wrapper packet event for channel fml:handshake with index 8
[08Jul2026 01:17:22.826] [Netty Epoll Server IO #2/DEBUG] [net.minecraftforge.network.HandshakeHandler/FMLHANDSHAKE]: Received client indexed reply 8 of type net.minecraftforge.network.HandshakeMessages$C2SAcknowledge
[08Jul2026 01:17:22.826] [Netty Epoll Server IO #2/DEBUG] [net.minecraftforge.network.HandshakeHandler/FMLHANDSHAKE]: Received acknowledgement from client
[08Jul2026 01:17:22.836] [Server thread/DEBUG] [net.minecraftforge.network.HandshakeHandler/FMLHANDSHAKE]: Sending ticking packet info 'Registry forge:fluid_type' to 'fml:handshake' sequence 10
[08Jul2026 01:17:22.872] [Netty Epoll Server IO #2/DEBUG] [net.minecraftforge.network.LoginWrapper/FMLHANDSHAKE]: Recieved login wrapper packet event for channel fml:handshake with index 9
[08Jul2026 01:17:22.872] [Netty Epoll Server IO #2/DEBUG] [net.minecraftforge.network.HandshakeHandler/FMLHANDSHAKE]: Received client indexed reply 9 of type net.minecraftforge.network.HandshakeMessages$C2SAcknowledge
[08Jul2026 01:17:22.872] [Netty Epoll Server IO #2/DEBUG] [net.minecraftforge.network.HandshakeHandler/FMLHANDSHAKE]: Received acknowledgement from client
[08Jul2026 01:17:22.886] [Server thread/DEBUG] [net.minecraftforge.network.HandshakeHandler/FMLHANDSHAKE]: Sending ticking packet info 'Registry minecraft:block_entity_type' to 'fml:handshake' sequence 11
[08Jul2026 01:17:22.920] [Netty Epoll Server IO #2/DEBUG] [net.minecraftforge.network.LoginWrapper/FMLHANDSHAKE]: Recieved login wrapper packet event for channel fml:handshake with index 10
[08Jul2026 01:17:22.920] [Netty Epoll Server IO #2/DEBUG] [net.minecraftforge.network.HandshakeHandler/FMLHANDSHAKE]: Received client indexed reply 10 of type net.minecraftforge.network.HandshakeMessages$C2SAcknowledge
[08Jul2026 01:17:22.920] [Netty Epoll Server IO #2/DEBUG] [net.minecraftforge.network.HandshakeHandler/FMLHANDSHAKE]: Received acknowledgement from client
[08Jul2026 01:17:22.935] [Server thread/DEBUG] [net.minecraftforge.network.HandshakeHandler/FMLHANDSHAKE]: Sending ticking packet info 'Registry forge:display_contexts' to 'fml:handshake' sequence 12
[08Jul2026 01:17:22.967] [Netty Epoll Server IO #2/DEBUG] [net.minecraftforge.network.LoginWrapper/FMLHANDSHAKE]: Recieved login wrapper packet event for channel fml:handshake with index 11
[08Jul2026 01:17:22.968] [Netty Epoll Server IO #2/DEBUG] [net.minecraftforge.network.HandshakeHandler/FMLHANDSHAKE]: Received client indexed reply 11 of type net.minecraftforge.network.HandshakeMessages$C2SAcknowledge
[08Jul2026 01:17:22.968] [Netty Epoll Server IO #2/DEBUG] [net.minecraftforge.network.HandshakeHandler/FMLHANDSHAKE]: Received acknowledgement from client
[08Jul2026 01:17:22.988] [Server thread/DEBUG] [net.minecraftforge.network.HandshakeHandler/FMLHANDSHAKE]: Sending ticking packet info 'Registry minecraft:block' to 'fml:handshake' sequence 13
[08Jul2026 01:17:23.017] [Netty Epoll Server IO #2/DEBUG] [net.minecraftforge.network.LoginWrapper/FMLHANDSHAKE]: Recieved login wrapper packet event for channel fml:handshake with index 12
[08Jul2026 01:17:23.017] [Netty Epoll Server IO #2/DEBUG] [net.minecraftforge.network.HandshakeHandler/FMLHANDSHAKE]: Received client indexed reply 12 of type net.minecraftforge.network.HandshakeMessages$C2SAcknowledge
[08Jul2026 01:17:23.017] [Netty Epoll Server IO #2/DEBUG] [net.minecraftforge.network.HandshakeHandler/FMLHANDSHAKE]: Received acknowledgement from client
[08Jul2026 01:17:23.037] [Server thread/DEBUG] [net.minecraftforge.network.HandshakeHandler/FMLHANDSHAKE]: Sending ticking packet info 'Registry forge:entity_data_serializers' to 'fml:handshake' sequence 14
[08Jul2026 01:17:23.071] [Netty Epoll Server IO #2/DEBUG] [net.minecraftforge.network.LoginWrapper/FMLHANDSHAKE]: Recieved login wrapper packet event for channel fml:handshake with index 13
[08Jul2026 01:17:23.071] [Netty Epoll Server IO #2/DEBUG] [net.minecraftforge.network.HandshakeHandler/FMLHANDSHAKE]: Received client indexed reply 13 of type net.minecraftforge.network.HandshakeMessages$C2SAcknowledge
[08Jul2026 01:17:23.072] [Netty Epoll Server IO #2/DEBUG] [net.minecraftforge.network.HandshakeHandler/FMLHANDSHAKE]: Received acknowledgement from client
[08Jul2026 01:17:23.085] [Server thread/DEBUG] [net.minecraftforge.network.HandshakeHandler/FMLHANDSHAKE]: Sending ticking packet info 'Registry minecraft:mob_effect' to 'fml:handshake' sequence 15
[08Jul2026 01:17:23.120] [Netty Epoll Server IO #2/DEBUG] [net.minecraftforge.network.LoginWrapper/FMLHANDSHAKE]: Recieved login wrapper packet event for channel fml:handshake with index 14
[08Jul2026 01:17:23.120] [Netty Epoll Server IO #2/DEBUG] [net.minecraftforge.network.HandshakeHandler/FMLHANDSHAKE]: Received client indexed reply 14 of type net.minecraftforge.network.HandshakeMessages$C2SAcknowledge
[08Jul2026 01:17:23.121] [Netty Epoll Server IO #2/DEBUG] [net.minecraftforge.network.HandshakeHandler/FMLHANDSHAKE]: Received acknowledgement from client
[08Jul2026 01:17:23.135] [Server thread/DEBUG] [net.minecraftforge.network.HandshakeHandler/FMLHANDSHAKE]: Sending ticking packet info 'Registry minecraft:stat_type' to 'fml:handshake' sequence 16
[08Jul2026 01:17:23.168] [Netty Epoll Server IO #2/DEBUG] [net.minecraftforge.network.LoginWrapper/FMLHANDSHAKE]: Recieved login wrapper packet event for channel fml:handshake with index 15
[08Jul2026 01:17:23.168] [Netty Epoll Server IO #2/DEBUG] [net.minecraftforge.network.HandshakeHandler/FMLHANDSHAKE]: Received client indexed reply 15 of type net.minecraftforge.network.HandshakeMessages$C2SAcknowledge
[08Jul2026 01:17:23.168] [Netty Epoll Server IO #2/DEBUG] [net.minecraftforge.network.HandshakeHandler/FMLHANDSHAKE]: Received acknowledgement from client
[08Jul2026 01:17:23.186] [Server thread/DEBUG] [net.minecraftforge.network.HandshakeHandler/FMLHANDSHAKE]: Sending ticking packet info 'Registry minecraft:menu' to 'fml:handshake' sequence 17
[08Jul2026 01:17:23.218] [Netty Epoll Server IO #2/DEBUG] [net.minecraftforge.network.LoginWrapper/FMLHANDSHAKE]: Recieved login wrapper packet event for channel fml:handshake with index 16
[08Jul2026 01:17:23.218] [Netty Epoll Server IO #2/DEBUG] [net.minecraftforge.network.HandshakeHandler/FMLHANDSHAKE]: Received client indexed reply 16 of type net.minecraftforge.network.HandshakeMessages$C2SAcknowledge
[08Jul2026 01:17:23.218] [Netty Epoll Server IO #2/DEBUG] [net.minecraftforge.network.HandshakeHandler/FMLHANDSHAKE]: Received acknowledgement from client
[08Jul2026 01:17:23.235] [Server thread/DEBUG] [net.minecraftforge.network.HandshakeHandler/FMLHANDSHAKE]: Sending ticking packet info 'Registry minecraft:enchantment' to 'fml:handshake' sequence 18
[08Jul2026 01:17:23.268] [Netty Epoll Server IO #2/DEBUG] [net.minecraftforge.network.LoginWrapper/FMLHANDSHAKE]: Recieved login wrapper packet event for channel fml:handshake with index 17
[08Jul2026 01:17:23.269] [Netty Epoll Server IO #2/DEBUG] [net.minecraftforge.network.HandshakeHandler/FMLHANDSHAKE]: Received client indexed reply 17 of type net.minecraftforge.network.HandshakeMessages$C2SAcknowledge
[08Jul2026 01:17:23.269] [Netty Epoll Server IO #2/DEBUG] [net.minecraftforge.network.HandshakeHandler/FMLHANDSHAKE]: Received acknowledgement from client
[08Jul2026 01:17:23.285] [Server thread/DEBUG] [net.minecraftforge.network.HandshakeHandler/FMLHANDSHAKE]: Sending ticking packet info 'Registry minecraft:fluid' to 'fml:handshake' sequence 19
[08Jul2026 01:17:23.317] [Netty Epoll Server IO #2/DEBUG] [net.minecraftforge.network.LoginWrapper/FMLHANDSHAKE]: Recieved login wrapper packet event for channel fml:handshake with index 18
[08Jul2026 01:17:23.317] [Netty Epoll Server IO #2/DEBUG] [net.minecraftforge.network.HandshakeHandler/FMLHANDSHAKE]: Received client indexed reply 18 of type net.minecraftforge.network.HandshakeMessages$C2SAcknowledge
[08Jul2026 01:17:23.317] [Netty Epoll Server IO #2/DEBUG] [net.minecraftforge.network.HandshakeHandler/FMLHANDSHAKE]: Received acknowledgement from client
[08Jul2026 01:17:23.337] [Server thread/DEBUG] [net.minecraftforge.network.HandshakeHandler/FMLHANDSHAKE]: Sending ticking packet info 'Registry minecraft:entity_type' to 'fml:handshake' sequence 20
[08Jul2026 01:17:23.367] [Netty Epoll Server IO #2/DEBUG] [net.minecraftforge.network.LoginWrapper/FMLHANDSHAKE]: Recieved login wrapper packet event for channel fml:handshake with index 19
[08Jul2026 01:17:23.367] [Netty Epoll Server IO #2/DEBUG] [net.minecraftforge.network.HandshakeHandler/FMLHANDSHAKE]: Received client indexed reply 19 of type net.minecraftforge.network.HandshakeMessages$C2SAcknowledge
[08Jul2026 01:17:23.367] [Netty Epoll Server IO #2/DEBUG] [net.minecraftforge.network.HandshakeHandler/FMLHANDSHAKE]: Received acknowledgement from client
[08Jul2026 01:17:23.386] [Server thread/DEBUG] [net.minecraftforge.network.HandshakeHandler/FMLHANDSHAKE]: Sending ticking packet info 'Config gravestone-server.toml' to 'fml:handshake' sequence 21
[08Jul2026 01:17:23.438] [Server thread/DEBUG] [net.minecraftforge.network.HandshakeHandler/FMLHANDSHAKE]: Sending ticking packet info 'Config sophisticatedbackpacks-server.toml' to 'fml:handshake' sequence 22
[08Jul2026 01:17:23.465] [Netty Epoll Server IO #2/DEBUG] [net.minecraftforge.network.LoginWrapper/FMLHANDSHAKE]: Recieved login wrapper packet event for channel fml:handshake with index 20
[08Jul2026 01:17:23.465] [Netty Epoll Server IO #2/DEBUG] [net.minecraftforge.network.HandshakeHandler/FMLHANDSHAKE]: Received client indexed reply 20 of type net.minecraftforge.network.HandshakeMessages$C2SAcknowledge
[08Jul2026 01:17:23.465] [Netty Epoll Server IO #2/DEBUG] [net.minecraftforge.network.HandshakeHandler/FMLHANDSHAKE]: Received acknowledgement from client
[08Jul2026 01:17:23.472] [Netty Epoll Server IO #2/DEBUG] [net.minecraftforge.network.LoginWrapper/FMLHANDSHAKE]: Recieved login wrapper packet event for channel fml:handshake with index 21
[08Jul2026 01:17:23.472] [Netty Epoll Server IO #2/DEBUG] [net.minecraftforge.network.HandshakeHandler/FMLHANDSHAKE]: Received client indexed reply 21 of type net.minecraftforge.network.HandshakeMessages$C2SAcknowledge
[08Jul2026 01:17:23.472] [Netty Epoll Server IO #2/DEBUG] [net.minecraftforge.network.HandshakeHandler/FMLHANDSHAKE]: Received acknowledgement from client
[08Jul2026 01:17:23.485] [Server thread/DEBUG] [net.minecraftforge.network.HandshakeHandler/FMLHANDSHAKE]: Sending ticking packet info 'Config forge-server.toml' to 'fml:handshake' sequence 23
[08Jul2026 01:17:23.524] [Netty Epoll Server IO #2/DEBUG] [net.minecraftforge.network.LoginWrapper/FMLHANDSHAKE]: Recieved login wrapper packet event for channel fml:handshake with index 22
[08Jul2026 01:17:23.524] [Netty Epoll Server IO #2/DEBUG] [net.minecraftforge.network.HandshakeHandler/FMLHANDSHAKE]: Received client indexed reply 22 of type net.minecraftforge.network.HandshakeMessages$C2SAcknowledge
[08Jul2026 01:17:23.524] [Netty Epoll Server IO #2/DEBUG] [net.minecraftforge.network.HandshakeHandler/FMLHANDSHAKE]: Received acknowledgement from client
[08Jul2026 01:17:23.574] [Netty Epoll Server IO #2/DEBUG] [net.minecraftforge.network.LoginWrapper/FMLHANDSHAKE]: Recieved login wrapper packet event for channel fml:handshake with index 23
[08Jul2026 01:17:23.574] [Netty Epoll Server IO #2/DEBUG] [net.minecraftforge.network.HandshakeHandler/FMLHANDSHAKE]: Received client indexed reply 23 of type net.minecraftforge.network.HandshakeMessages$C2SAcknowledge
[08Jul2026 01:17:23.575] [Netty Epoll Server IO #2/DEBUG] [net.minecraftforge.network.HandshakeHandler/FMLHANDSHAKE]: Received acknowledgement from client
[08Jul2026 01:17:23.585] [Server thread/DEBUG] [net.minecraftforge.network.HandshakeHandler/FMLHANDSHAKE]: Handshake complete!
[08Jul2026 01:17:23.652] [Server thread/INFO] [net.minecraft.server.players.PlayerList/]: samdo[/127.228.89.107:41005] logged in with entity id 621 at (-271.5, 12.0, 209.5)
[08Jul2026 01:17:23.652] [Server thread/DEBUG] [net.minecraftforge.network.filters.NetworkFilters/]: Injected net.minecraftforge.network.filters.ForgeConnectionNetworkFilter@73d5cdc6 into net.minecraft.network.Connection@726744ce
[08Jul2026 01:17:23.690] [Server thread/INFO] [net.minecraft.server.MinecraftServer/]: samdo joined the game
[08Jul2026 01:17:24.110] [Server thread/WARN] [net.minecraft.world.level.entity.PersistentEntitySectionManager/]: UUID of added entity already exists: Bat['Bat'/664, l='ServerLevel[world]', x=-217.85, y=-40.71, z=221.27]
[08Jul2026 01:17:24.153] [Server thread/WARN] [net.minecraft.world.level.entity.PersistentEntitySectionManager/]: UUID of added entity already exists: Cod['Cod'/687, l='ServerLevel[world]', x=-290.20, y=54.00, z=173.95]
[08Jul2026 01:17:24.154] [Server thread/WARN] [net.minecraft.world.level.entity.PersistentEntitySectionManager/]: UUID of added entity already exists: Cod['Cod'/689, l='ServerLevel[world]', x=-289.51, y=54.00, z=172.64]
[08Jul2026 01:17:24.154] [Server thread/WARN] [net.minecraft.world.level.entity.PersistentEntitySectionManager/]: UUID of added entity already exists: Cod['Cod'/690, l='ServerLevel[world]', x=-289.11, y=54.00, z=173.43]
[08Jul2026 01:17:25.476] [Server thread/WARN] [net.minecraft.world.level.entity.PersistentEntitySectionManager/]: UUID of added entity already exists: Bat['Bat'/788, l='ServerLevel[world]', x=-346.49, y=-38.97, z=287.35]
[08Jul2026 01:17:26.538] [Server thread/INFO] [net.minecraft.server.network.ServerLoginPacketListenerImpl/]: com.mojang.authlib.GameProfile@561b3925[id=<null>,name=JonadeyoXW,properties={},legacy=false] (/127.203.152.146:55739) lost connection: Disconnected
[08Jul2026 01:17:28.475] [Netty Epoll Server IO #4/DEBUG] [net.minecraftforge.network.HandshakeHandler/FMLHANDSHAKE]: Starting new modded impl connection. Found 24 messages to dispatch.
[08Jul2026 01:17:28.577] [Server thread/DEBUG] [net.minecraftforge.network.HandshakeHandler/FMLHANDSHAKE]: Sending ticking packet info 'net.minecraftforge.network.HandshakeMessages$S2CModData' to 'fml:handshake' sequence 0
[08Jul2026 01:17:28.639] [Server thread/DEBUG] [net.minecraftforge.network.HandshakeHandler/FMLHANDSHAKE]: Sending ticking packet info 'net.minecraftforge.network.HandshakeMessages$S2CModList' to 'fml:handshake' sequence 1
[08Jul2026 01:17:28.657] [Server thread/DEBUG] [net.minecraftforge.network.HandshakeHandler/FMLHANDSHAKE]: Sending ticking packet info 'Registry minecraft:command_argument_type' to 'fml:handshake' sequence 2
[08Jul2026 01:17:28.684] [Server thread/DEBUG] [net.minecraftforge.network.HandshakeHandler/FMLHANDSHAKE]: Sending ticking packet info 'Registry minecraft:recipe_serializer' to 'fml:handshake' sequence 3
[08Jul2026 01:17:28.703] [Server thread/DEBUG] [net.minecraftforge.network.HandshakeHandler/FMLHANDSHAKE]: Sending ticking packet info 'Registry minecraft:sound_event' to 'fml:handshake' sequence 4
[08Jul2026 01:17:28.735] [Netty Epoll Server IO #4/DEBUG] [net.minecraftforge.network.LoginWrapper/FMLHANDSHAKE]: Recieved login wrapper packet event for channel fml:handshake with index 1
[08Jul2026 01:17:28.735] [Netty Epoll Server IO #4/DEBUG] [net.minecraftforge.network.HandshakeHandler/FMLHANDSHAKE]: Received client indexed reply 1 of type net.minecraftforge.network.HandshakeMessages$C2SModListReply
[08Jul2026 01:17:28.735] [Netty Epoll Server IO #4/DEBUG] [net.minecraftforge.network.HandshakeHandler/FMLHANDSHAKE]: Received client connection with modlist [minecraft, stalker, cloth_config, forge, sophisticatedcore, sophisticatedbackpacks, tlskincape, geckolib, gravestone, jei]
[08Jul2026 01:17:28.735] [Netty Epoll Server IO #4/DEBUG] [net.minecraftforge.network.NetworkRegistry/NETREGISTRY]: Channel 'fml:loginwrapper' : Version test of 'FML3' from client : ACCEPTED
[08Jul2026 01:17:28.736] [Netty Epoll Server IO #4/DEBUG] [net.minecraftforge.network.NetworkRegistry/NETREGISTRY]: Channel 'forge:tier_sorting' : Version test of '1.0' from client : ACCEPTED
[08Jul2026 01:17:28.736] [Netty Epoll Server IO #4/DEBUG] [net.minecraftforge.network.NetworkRegistry/NETREGISTRY]: Channel 'fml:handshake' : Version test of 'FML3' from client : ACCEPTED
[08Jul2026 01:17:28.736] [Netty Epoll Server IO #4/DEBUG] [net.minecraftforge.network.NetworkRegistry/NETREGISTRY]: Channel 'minecraft:unregister' : Version test of 'FML3' from client : ACCEPTED
[08Jul2026 01:17:28.736] [Netty Epoll Server IO #4/DEBUG] [net.minecraftforge.network.NetworkRegistry/NETREGISTRY]: Channel 'fml:play' : Version test of 'FML3' from client : ACCEPTED
[08Jul2026 01:17:28.736] [Netty Epoll Server IO #4/DEBUG] [net.minecraftforge.network.NetworkRegistry/NETREGISTRY]: Channel 'minecraft:register' : Version test of 'FML3' from client : ACCEPTED
[08Jul2026 01:17:28.736] [Netty Epoll Server IO #4/DEBUG] [net.minecraftforge.network.NetworkRegistry/NETREGISTRY]: Channel 'forge:split' : Version test of '1.1' from client : ACCEPTED
[08Jul2026 01:17:28.736] [Netty Epoll Server IO #4/DEBUG] [net.minecraftforge.network.NetworkRegistry/NETREGISTRY]: Channel 'sophisticatedbackpacks:channel' : Version test of '3.24.59.1960' from client : ACCEPTED
[08Jul2026 01:17:28.736] [Netty Epoll Server IO #4/DEBUG] [net.minecraftforge.network.NetworkRegistry/NETREGISTRY]: Channel 'geckolib:main' : Version test of '1' from client : ACCEPTED
[08Jul2026 01:17:28.736] [Netty Epoll Server IO #4/DEBUG] [net.minecraftforge.network.NetworkRegistry/NETREGISTRY]: Channel 'sophisticatedcore:channel' : Version test of '1.3.63.2106' from client : ACCEPTED
[08Jul2026 01:17:28.736] [Netty Epoll Server IO #4/DEBUG] [net.minecraftforge.network.NetworkRegistry/NETREGISTRY]: Channel 'gravestone:default' : Version test of '1.0.0' from client : ACCEPTED
[08Jul2026 01:17:28.736] [Netty Epoll Server IO #4/DEBUG] [net.minecraftforge.network.NetworkRegistry/NETREGISTRY]: Accepting channel list from client
[08Jul2026 01:17:28.736] [Netty Epoll Server IO #4/DEBUG] [net.minecraftforge.network.HandshakeHandler/FMLHANDSHAKE]: Accepted client connection mod list
[08Jul2026 01:17:28.753] [Netty Epoll Server IO #4/DEBUG] [net.minecraftforge.network.LoginWrapper/FMLHANDSHAKE]: Recieved login wrapper packet event for channel fml:handshake with index 2
[08Jul2026 01:17:28.754] [Netty Epoll Server IO #4/DEBUG] [net.minecraftforge.network.HandshakeHandler/FMLHANDSHAKE]: Received client indexed reply 2 of type net.minecraftforge.network.HandshakeMessages$C2SAcknowledge
[08Jul2026 01:17:28.754] [Netty Epoll Server IO #4/DEBUG] [net.minecraftforge.network.HandshakeHandler/FMLHANDSHAKE]: Received acknowledgement from client
[08Jul2026 01:17:28.769] [Server thread/DEBUG] [net.minecraftforge.network.HandshakeHandler/FMLHANDSHAKE]: Sending ticking packet info 'Registry minecraft:particle_type' to 'fml:handshake' sequence 5
[08Jul2026 01:17:28.780] [Netty Epoll Server IO #4/DEBUG] [net.minecraftforge.network.LoginWrapper/FMLHANDSHAKE]: Recieved login wrapper packet event for channel fml:handshake with index 3
[08Jul2026 01:17:28.780] [Netty Epoll Server IO #4/DEBUG] [net.minecraftforge.network.HandshakeHandler/FMLHANDSHAKE]: Received client indexed reply 3 of type net.minecraftforge.network.HandshakeMessages$C2SAcknowledge
[08Jul2026 01:17:28.781] [Netty Epoll Server IO #4/DEBUG] [net.minecraftforge.network.HandshakeHandler/FMLHANDSHAKE]: Received acknowledgement from client
[08Jul2026 01:17:28.831] [Server thread/DEBUG] [net.minecraftforge.network.HandshakeHandler/FMLHANDSHAKE]: Sending ticking packet info 'Registry minecraft:villager_profession' to 'fml:handshake' sequence 6
[08Jul2026 01:17:28.862] [Server thread/DEBUG] [net.minecraftforge.network.HandshakeHandler/FMLHANDSHAKE]: Sending ticking packet info 'Registry minecraft:item' to 'fml:handshake' sequence 7
[08Jul2026 01:17:28.928] [Server thread/DEBUG] [net.minecraftforge.network.HandshakeHandler/FMLHANDSHAKE]: Sending ticking packet info 'Registry minecraft:potion' to 'fml:handshake' sequence 8
[08Jul2026 01:17:28.961] [Netty Epoll Server IO #4/DEBUG] [net.minecraftforge.network.LoginWrapper/FMLHANDSHAKE]: Recieved login wrapper packet event for channel fml:handshake with index 4
[08Jul2026 01:17:28.963] [Netty Epoll Server IO #4/DEBUG] [net.minecraftforge.network.HandshakeHandler/FMLHANDSHAKE]: Received client indexed reply 4 of type net.minecraftforge.network.HandshakeMessages$C2SAcknowledge
[08Jul2026 01:17:28.963] [Netty Epoll Server IO #4/DEBUG] [net.minecraftforge.network.HandshakeHandler/FMLHANDSHAKE]: Received acknowledgement from client
[08Jul2026 01:17:28.966] [Server thread/DEBUG] [net.minecraftforge.network.HandshakeHandler/FMLHANDSHAKE]: Sending ticking packet info 'Registry minecraft:painting_variant' to 'fml:handshake' sequence 9
[08Jul2026 01:17:28.969] [Netty Epoll Server IO #4/DEBUG] [net.minecraftforge.network.LoginWrapper/FMLHANDSHAKE]: Recieved login wrapper packet event for channel fml:handshake with index 5
[08Jul2026 01:17:28.970] [Netty Epoll Server IO #4/DEBUG] [net.minecraftforge.network.HandshakeHandler/FMLHANDSHAKE]: Received client indexed reply 5 of type net.minecraftforge.network.HandshakeMessages$C2SAcknowledge
[08Jul2026 01:17:28.970] [Netty Epoll Server IO #4/DEBUG] [net.minecraftforge.network.HandshakeHandler/FMLHANDSHAKE]: Received acknowledgement from client
[08Jul2026 01:17:28.970] [Netty Epoll Server IO #4/DEBUG] [net.minecraftforge.network.LoginWrapper/FMLHANDSHAKE]: Recieved login wrapper packet event for channel fml:handshake with index 6
[08Jul2026 01:17:28.970] [Netty Epoll Server IO #4/DEBUG] [net.minecraftforge.network.HandshakeHandler/FMLHANDSHAKE]: Received client indexed reply 6 of type net.minecraftforge.network.HandshakeMessages$C2SAcknowledge
[08Jul2026 01:17:28.970] [Netty Epoll Server IO #4/DEBUG] [net.minecraftforge.network.HandshakeHandler/FMLHANDSHAKE]: Received acknowledgement from client
[08Jul2026 01:17:29.024] [Server thread/DEBUG] [net.minecraftforge.network.HandshakeHandler/FMLHANDSHAKE]: Sending ticking packet info 'Registry forge:fluid_type' to 'fml:handshake' sequence 10
[08Jul2026 01:17:29.037] [Netty Epoll Server IO #4/DEBUG] [net.minecraftforge.network.LoginWrapper/FMLHANDSHAKE]: Recieved login wrapper packet event for channel fml:handshake with index 7
[08Jul2026 01:17:29.037] [Netty Epoll Server IO #4/DEBUG] [net.minecraftforge.network.HandshakeHandler/FMLHANDSHAKE]: Received client indexed reply 7 of type net.minecraftforge.network.HandshakeMessages$C2SAcknowledge
[08Jul2026 01:17:29.037] [Netty Epoll Server IO #4/DEBUG] [net.minecraftforge.network.HandshakeHandler/FMLHANDSHAKE]: Received acknowledgement from client
[08Jul2026 01:17:29.040] [Netty Epoll Server IO #4/DEBUG] [net.minecraftforge.network.LoginWrapper/FMLHANDSHAKE]: Recieved login wrapper packet event for channel fml:handshake with index 8
[08Jul2026 01:17:29.040] [Netty Epoll Server IO #4/DEBUG] [net.minecraftforge.network.HandshakeHandler/FMLHANDSHAKE]: Received client indexed reply 8 of type net.minecraftforge.network.HandshakeMessages$C2SAcknowledge
[08Jul2026 01:17:29.040] [Netty Epoll Server IO #4/DEBUG] [net.minecraftforge.network.HandshakeHandler/FMLHANDSHAKE]: Received acknowledgement from client
[08Jul2026 01:17:29.049] [Server thread/DEBUG] [net.minecraftforge.network.HandshakeHandler/FMLHANDSHAKE]: Sending ticking packet info 'Registry minecraft:block_entity_type' to 'fml:handshake' sequence 11
[08Jul2026 01:17:29.064] [Netty Epoll Server IO #4/DEBUG] [net.minecraftforge.network.LoginWrapper/FMLHANDSHAKE]: Recieved login wrapper packet event for channel fml:handshake with index 9
[08Jul2026 01:17:29.065] [Netty Epoll Server IO #4/DEBUG] [net.minecraftforge.network.HandshakeHandler/FMLHANDSHAKE]: Received client indexed reply 9 of type net.minecraftforge.network.HandshakeMessages$C2SAcknowledge
[08Jul2026 01:17:29.065] [Netty Epoll Server IO #4/DEBUG] [net.minecraftforge.network.HandshakeHandler/FMLHANDSHAKE]: Received acknowledgement from client
[08Jul2026 01:17:29.120] [Netty Epoll Server IO #4/DEBUG] [net.minecraftforge.network.LoginWrapper/FMLHANDSHAKE]: Recieved login wrapper packet event for channel fml:handshake with index 10
[08Jul2026 01:17:29.123] [Netty Epoll Server IO #4/DEBUG] [net.minecraftforge.network.HandshakeHandler/FMLHANDSHAKE]: Received client indexed reply 10 of type net.minecraftforge.network.HandshakeMessages$C2SAcknowledge
[08Jul2026 01:17:29.123] [Netty Epoll Server IO #4/DEBUG] [net.minecraftforge.network.HandshakeHandler/FMLHANDSHAKE]: Received acknowledgement from client
[08Jul2026 01:17:29.128] [Server thread/DEBUG] [net.minecraftforge.network.HandshakeHandler/FMLHANDSHAKE]: Sending ticking packet info 'Registry forge:display_contexts' to 'fml:handshake' sequence 12
[08Jul2026 01:17:29.144] [Netty Epoll Server IO #4/DEBUG] [net.minecraftforge.network.LoginWrapper/FMLHANDSHAKE]: Recieved login wrapper packet event for channel fml:handshake with index 11
[08Jul2026 01:17:29.145] [Netty Epoll Server IO #4/DEBUG] [net.minecraftforge.network.HandshakeHandler/FMLHANDSHAKE]: Received client indexed reply 11 of type net.minecraftforge.network.HandshakeMessages$C2SAcknowledge
[08Jul2026 01:17:29.145] [Netty Epoll Server IO #4/DEBUG] [net.minecraftforge.network.HandshakeHandler/FMLHANDSHAKE]: Received acknowledgement from client
[08Jul2026 01:17:29.168] [Server thread/DEBUG] [net.minecraftforge.network.HandshakeHandler/FMLHANDSHAKE]: Sending ticking packet info 'Registry minecraft:block' to 'fml:handshake' sequence 13
[08Jul2026 01:17:29.223] [Server thread/DEBUG] [net.minecraftforge.network.HandshakeHandler/FMLHANDSHAKE]: Sending ticking packet info 'Registry forge:entity_data_serializers' to 'fml:handshake' sequence 14
[08Jul2026 01:17:29.226] [Netty Epoll Server IO #4/DEBUG] [net.minecraftforge.network.LoginWrapper/FMLHANDSHAKE]: Recieved login wrapper packet event for channel fml:handshake with index 12
[08Jul2026 01:17:29.226] [Netty Epoll Server IO #4/DEBUG] [net.minecraftforge.network.HandshakeHandler/FMLHANDSHAKE]: Received client indexed reply 12 of type net.minecraftforge.network.HandshakeMessages$C2SAcknowledge
[08Jul2026 01:17:29.227] [Netty Epoll Server IO #4/DEBUG] [net.minecraftforge.network.HandshakeHandler/FMLHANDSHAKE]: Received acknowledgement from client
[08Jul2026 01:17:29.259] [Server thread/DEBUG] [net.minecraftforge.network.HandshakeHandler/FMLHANDSHAKE]: Sending ticking packet info 'Registry minecraft:mob_effect' to 'fml:handshake' sequence 15
[08Jul2026 01:17:29.266] [Netty Epoll Server IO #4/DEBUG] [net.minecraftforge.network.LoginWrapper/FMLHANDSHAKE]: Recieved login wrapper packet event for channel fml:handshake with index 13
[08Jul2026 01:17:29.270] [Netty Epoll Server IO #4/DEBUG] [net.minecraftforge.network.HandshakeHandler/FMLHANDSHAKE]: Received client indexed reply 13 of type net.minecraftforge.network.HandshakeMessages$C2SAcknowledge
[08Jul2026 01:17:29.270] [Netty Epoll Server IO #4/DEBUG] [net.minecraftforge.network.HandshakeHandler/FMLHANDSHAKE]: Received acknowledgement from client
[08Jul2026 01:17:29.307] [Server thread/DEBUG] [net.minecraftforge.network.HandshakeHandler/FMLHANDSHAKE]: Sending ticking packet info 'Registry minecraft:stat_type' to 'fml:handshake' sequence 16
[08Jul2026 01:17:29.319] [Netty Epoll Server IO #4/DEBUG] [net.minecraftforge.network.LoginWrapper/FMLHANDSHAKE]: Recieved login wrapper packet event for channel fml:handshake with index 14
[08Jul2026 01:17:29.319] [Netty Epoll Server IO #4/DEBUG] [net.minecraftforge.network.HandshakeHandler/FMLHANDSHAKE]: Received client indexed reply 14 of type net.minecraftforge.network.HandshakeMessages$C2SAcknowledge
[08Jul2026 01:17:29.319] [Netty Epoll Server IO #4/DEBUG] [net.minecraftforge.network.HandshakeHandler/FMLHANDSHAKE]: Received acknowledgement from client
[08Jul2026 01:17:29.355] [Netty Epoll Server IO #4/DEBUG] [net.minecraftforge.network.LoginWrapper/FMLHANDSHAKE]: Recieved login wrapper packet event for channel fml:handshake with index 15
[08Jul2026 01:17:29.356] [Netty Epoll Server IO #4/DEBUG] [net.minecraftforge.network.HandshakeHandler/FMLHANDSHAKE]: Received client indexed reply 15 of type net.minecraftforge.network.HandshakeMessages$C2SAcknowledge
[08Jul2026 01:17:29.356] [Netty Epoll Server IO #4/DEBUG] [net.minecraftforge.network.HandshakeHandler/FMLHANDSHAKE]: Received acknowledgement from client
[08Jul2026 01:17:29.371] [Server thread/DEBUG] [net.minecraftforge.network.HandshakeHandler/FMLHANDSHAKE]: Sending ticking packet info 'Registry minecraft:menu' to 'fml:handshake' sequence 17
[08Jul2026 01:17:29.402] [Server thread/DEBUG] [net.minecraftforge.network.HandshakeHandler/FMLHANDSHAKE]: Sending ticking packet info 'Registry minecraft:enchantment' to 'fml:handshake' sequence 18
[08Jul2026 01:17:29.404] [Netty Epoll Server IO #4/DEBUG] [net.minecraftforge.network.LoginWrapper/FMLHANDSHAKE]: Recieved login wrapper packet event for channel fml:handshake with index 16
[08Jul2026 01:17:29.404] [Netty Epoll Server IO #4/DEBUG] [net.minecraftforge.network.HandshakeHandler/FMLHANDSHAKE]: Received client indexed reply 16 of type net.minecraftforge.network.HandshakeMessages$C2SAcknowledge
[08Jul2026 01:17:29.404] [Netty Epoll Server IO #4/DEBUG] [net.minecraftforge.network.HandshakeHandler/FMLHANDSHAKE]: Received acknowledgement from client
[08Jul2026 01:17:29.469] [Netty Epoll Server IO #4/DEBUG] [net.minecraftforge.network.LoginWrapper/FMLHANDSHAKE]: Recieved login wrapper packet event for channel fml:handshake with index 17
[08Jul2026 01:17:29.471] [Netty Epoll Server IO #4/DEBUG] [net.minecraftforge.network.HandshakeHandler/FMLHANDSHAKE]: Received client indexed reply 17 of type net.minecraftforge.network.HandshakeMessages$C2SAcknowledge
[08Jul2026 01:17:29.471] [Netty Epoll Server IO #4/DEBUG] [net.minecraftforge.network.HandshakeHandler/FMLHANDSHAKE]: Received acknowledgement from client
[08Jul2026 01:17:29.481] [Server thread/DEBUG] [net.minecraftforge.network.HandshakeHandler/FMLHANDSHAKE]: Sending ticking packet info 'Registry minecraft:fluid' to 'fml:handshake' sequence 19
[08Jul2026 01:17:29.501] [Netty Epoll Server IO #4/DEBUG] [net.minecraftforge.network.LoginWrapper/FMLHANDSHAKE]: Recieved login wrapper packet event for channel fml:handshake with index 18
[08Jul2026 01:17:29.502] [Netty Epoll Server IO #4/DEBUG] [net.minecraftforge.network.HandshakeHandler/FMLHANDSHAKE]: Received client indexed reply 18 of type net.minecraftforge.network.HandshakeMessages$C2SAcknowledge
[08Jul2026 01:17:29.503] [Netty Epoll Server IO #4/DEBUG] [net.minecraftforge.network.HandshakeHandler/FMLHANDSHAKE]: Received acknowledgement from client
[08Jul2026 01:17:29.520] [Server thread/DEBUG] [net.minecraftforge.network.HandshakeHandler/FMLHANDSHAKE]: Sending ticking packet info 'Registry minecraft:entity_type' to 'fml:handshake' sequence 20
[08Jul2026 01:17:29.552] [Server thread/DEBUG] [net.minecraftforge.network.HandshakeHandler/FMLHANDSHAKE]: Sending ticking packet info 'Config gravestone-server.toml' to 'fml:handshake' sequence 21
[08Jul2026 01:17:29.577] [Netty Epoll Server IO #4/DEBUG] [net.minecraftforge.network.LoginWrapper/FMLHANDSHAKE]: Recieved login wrapper packet event for channel fml:handshake with index 19
[08Jul2026 01:17:29.578] [Netty Epoll Server IO #4/DEBUG] [net.minecraftforge.network.HandshakeHandler/FMLHANDSHAKE]: Received client indexed reply 19 of type net.minecraftforge.network.HandshakeMessages$C2SAcknowledge
[08Jul2026 01:17:29.578] [Netty Epoll Server IO #4/DEBUG] [net.minecraftforge.network.HandshakeHandler/FMLHANDSHAKE]: Received acknowledgement from client
[08Jul2026 01:17:29.612] [Server thread/DEBUG] [net.minecraftforge.network.HandshakeHandler/FMLHANDSHAKE]: Sending ticking packet info 'Config sophisticatedbackpacks-server.toml' to 'fml:handshake' sequence 22
[08Jul2026 01:17:29.665] [Server thread/DEBUG] [net.minecraftforge.network.HandshakeHandler/FMLHANDSHAKE]: Sending ticking packet info 'Config forge-server.toml' to 'fml:handshake' sequence 23
[08Jul2026 01:17:29.947] [Netty Epoll Server IO #4/DEBUG] [net.minecraftforge.network.LoginWrapper/FMLHANDSHAKE]: Recieved login wrapper packet event for channel fml:handshake with index 20
[08Jul2026 01:17:29.947] [Netty Epoll Server IO #4/DEBUG] [net.minecraftforge.network.HandshakeHandler/FMLHANDSHAKE]: Received client indexed reply 20 of type net.minecraftforge.network.HandshakeMessages$C2SAcknowledge
[08Jul2026 01:17:29.947] [Netty Epoll Server IO #4/DEBUG] [net.minecraftforge.network.HandshakeHandler/FMLHANDSHAKE]: Received acknowledgement from client
[08Jul2026 01:17:29.953] [Netty Epoll Server IO #4/DEBUG] [net.minecraftforge.network.LoginWrapper/FMLHANDSHAKE]: Recieved login wrapper packet event for channel fml:handshake with index 21
[08Jul2026 01:17:29.953] [Netty Epoll Server IO #4/DEBUG] [net.minecraftforge.network.HandshakeHandler/FMLHANDSHAKE]: Received client indexed reply 21 of type net.minecraftforge.network.HandshakeMessages$C2SAcknowledge
[08Jul2026 01:17:29.956] [Netty Epoll Server IO #4/DEBUG] [net.minecraftforge.network.HandshakeHandler/FMLHANDSHAKE]: Received acknowledgement from client
[08Jul2026 01:17:29.956] [Netty Epoll Server IO #4/DEBUG] [net.minecraftforge.network.LoginWrapper/FMLHANDSHAKE]: Recieved login wrapper packet event for channel fml:handshake with index 22
[08Jul2026 01:17:29.957] [Netty Epoll Server IO #4/DEBUG] [net.minecraftforge.network.HandshakeHandler/FMLHANDSHAKE]: Received client indexed reply 22 of type net.minecraftforge.network.HandshakeMessages$C2SAcknowledge
[08Jul2026 01:17:29.957] [Netty Epoll Server IO #4/DEBUG] [net.minecraftforge.network.HandshakeHandler/FMLHANDSHAKE]: Received acknowledgement from client
[08Jul2026 01:17:29.957] [Netty Epoll Server IO #4/DEBUG] [net.minecraftforge.network.LoginWrapper/FMLHANDSHAKE]: Recieved login wrapper packet event for channel fml:handshake with index 23
[08Jul2026 01:17:29.957] [Netty Epoll Server IO #4/DEBUG] [net.minecraftforge.network.HandshakeHandler/FMLHANDSHAKE]: Received client indexed reply 23 of type net.minecraftforge.network.HandshakeMessages$C2SAcknowledge
[08Jul2026 01:17:29.957] [Netty Epoll Server IO #4/DEBUG] [net.minecraftforge.network.HandshakeHandler/FMLHANDSHAKE]: Received acknowledgement from client
[08Jul2026 01:17:29.979] [Server thread/DEBUG] [net.minecraftforge.network.HandshakeHandler/FMLHANDSHAKE]: Handshake complete!
[08Jul2026 01:17:30.022] [Server thread/INFO] [net.minecraft.server.players.PlayerList/]: JonadeyoXW[/127.203.152.146:39075] logged in with entity id 892 at (-454.5, 73.0, -363.5)
[08Jul2026 01:17:30.023] [Server thread/DEBUG] [net.minecraftforge.network.filters.NetworkFilters/]: Injected net.minecraftforge.network.filters.ForgeConnectionNetworkFilter@c459b96 into net.minecraft.network.Connection@684bf1c7
[08Jul2026 01:17:30.047] [Server thread/INFO] [net.minecraft.server.MinecraftServer/]: JonadeyoXW joined the game
[08Jul2026 01:17:38.767] [Server thread/INFO] [net.minecraft.server.MinecraftServer/]: [Not Secure] <JonadeyoXW> jjojo
[08Jul2026 01:17:48.423] [Server thread/INFO] [net.minecraft.server.MinecraftServer/]: [Not Secure] <JonadeyoXW> ok
[08Jul2026 01:17:52.503] [Server thread/INFO] [net.minecraft.server.MinecraftServer/]: [Not Secure] <JonadeyoXW> necesitamos un flechero
[08Jul2026 01:18:00.497] [Server thread/INFO] [net.minecraft.server.MinecraftServer/]: [Not Secure] <JonadeyoXW> y uno del coso ese de leer
[08Jul2026 01:18:05.003] [Server thread/INFO] [net.minecraft.server.MinecraftServer/]: [Not Secure] <JonadeyoXW> XD
[08Jul2026 01:18:09.455] [Server thread/INFO] [net.minecraft.server.MinecraftServer/]: [Not Secure] <JonadeyoXW> eso
[08Jul2026 01:18:14.996] [Server thread/INFO] [net.minecraft.server.MinecraftServer/]: [Not Secure] <JonadeyoXW> canz
[08Jul2026 01:18:18.668] [Server thread/INFO] [net.minecraft.server.MinecraftServer/]: [Not Secure] <CanFake> como se craftea?
[08Jul2026 01:18:24.208] [Server thread/INFO] [net.minecraft.server.MinecraftServer/]: [Not Secure] <JonadeyoXW> puedes buscar los dos cosos esos en las otras aldeas?
[08Jul2026 01:18:24.298] [Server thread/INFO] [net.minecraft.server.MinecraftServer/]: [Not Secure] <CanFake> con madera y palos?
[08Jul2026 01:18:26.550] [Server thread/INFO] [net.minecraft.server.MinecraftServer/]: [Not Secure] <JonadeyoXW> a
[08Jul2026 01:18:28.895] [Server thread/INFO] [net.minecraft.server.MinecraftServer/]: [Not Secure] <JonadeyoXW> ps no se
[08Jul2026 01:18:35.565] [Server thread/INFO] [net.minecraft.server.MinecraftServer/]: [Not Secure] <CanFake> saaa
[08Jul2026 01:18:37.454] [Server thread/INFO] [net.minecraft.server.MinecraftServer/]: [Not Secure] <CanFake> ya vi
[08Jul2026 01:18:38.696] [Server thread/INFO] [net.minecraft.server.MinecraftServer/]: [Not Secure] <CanFake> lo hago
[08Jul2026 01:18:43.150] [Server thread/INFO] [net.minecraft.server.MinecraftServer/]: [Not Secure] <JonadeyoXW> pedernal y madera
[08Jul2026 01:18:58.459] [Server thread/INFO] [net.minecraft.server.MinecraftServer/]: [Not Secure] <CanFake> ahi tienes
[08Jul2026 01:18:59.157] [Server thread/INFO] [net.minecraft.server.MinecraftServer/]: [Not Secure] <JonadeyoXW> we busca eso pls, yo voy a adelantarme en algo del cole
[08Jul2026 01:19:02.043] [Server thread/INFO] [net.minecraft.server.MinecraftServer/]: [Not Secure] <CanFake> puedo hacer 2 mas
[08Jul2026 01:19:05.446] [Server thread/INFO] [net.minecraft.server.MinecraftServer/]: [Not Secure] <CanFake> si quieres
[08Jul2026 01:19:19.751] [Server thread/INFO] [net.minecraft.server.MinecraftServer/]: [Not Secure] <CanFake> necesitas 2 mas?
[08Jul2026 01:19:29.158] [Server thread/INFO] [net.minecraft.server.MinecraftServer/]: [Not Secure] <CanFake> o no por ahora?
[08Jul2026 01:19:31.653] [Server thread/INFO] [net.minecraft.server.MinecraftServer/]: [Not Secure] <JonadeyoXW> espera
[08Jul2026 01:21:26.185] [Server thread/DEBUG] [net.minecraftforge.common.ForgeHooks/WP]: Gathering id map for writing to world save world
[08Jul2026 01:21:26.195] [Server thread/DEBUG] [net.minecraftforge.common.ForgeHooks/WP]: ID Map collection complete world
[08Jul2026 01:21:42.517] [Server thread/INFO] [net.minecraft.server.MinecraftServer/]: [Not Secure] <JonadeyoXW> we
[08Jul2026 01:21:47.697] [Server thread/INFO] [net.minecraft.server.MinecraftServer/]: [Not Secure] <JonadeyoXW> puedes conseguir un atril?
[08Jul2026 01:21:59.111] [Server thread/INFO] [net.minecraft.server.MinecraftServer/]: [Not Secure] <CanFake> si
[08Jul2026 01:22:01.806] [Server thread/INFO] [net.minecraft.server.MinecraftServer/]: [Not Secure] <CanFake> como
[08Jul2026 01:22:02.512] [Server thread/INFO] [net.minecraft.server.MinecraftServer/]: [Not Secure] <JonadeyoXW> para el aldeano de encantos
[08Jul2026 01:22:06.465] [Server thread/INFO] [net.minecraft.server.MinecraftServer/]: [Not Secure] <JonadeyoXW> 1 libreria
[08Jul2026 01:22:07.548] [Server thread/INFO] [net.minecraft.server.MinecraftServer/]: [Not Secure] <CanFake> se escribe en ingles?
[08Jul2026 01:22:10.003] [Server thread/INFO] [net.minecraft.server.MinecraftServer/]: [Not Secure] <JonadeyoXW> no
[08Jul2026 01:22:16.749] [Server thread/INFO] [net.minecraft.server.MinecraftServer/]: [Not Secure] <JonadeyoXW> 1 libreria y 6 bloques de madera
[08Jul2026 01:22:16.991] [Server thread/INFO] [net.minecraft.server.MinecraftServer/]: [Not Secure] <CanFake> como se escribe en ingles¡?
[08Jul2026 01:22:20.501] [Server thread/INFO] [net.minecraft.server.MinecraftServer/]: [Not Secure] <JonadeyoXW> ns
[08Jul2026 01:22:22.094] [Server thread/INFO] [net.minecraft.server.MinecraftServer/]: [Not Secure] <JonadeyoXW> mira
[08Jul2026 01:22:23.442] [Server thread/INFO] [net.minecraft.server.MinecraftServer/]: [Not Secure] <CanFake> no pueod cambiar el idioma
[08Jul2026 01:22:26.119] [Server thread/INFO] [net.minecraft.server.MinecraftServer/]: [Not Secure] <JonadeyoXW> el crafteo es
[08Jul2026 01:22:31.216] [Server thread/INFO] [net.minecraft.server.MinecraftServer/]: [Not Secure] <JonadeyoXW> 1 libreria en todo el medio
[08Jul2026 01:22:35.003] [Server thread/INFO] [net.minecraft.server.MinecraftServer/]: [Not Secure] <CanFake> y losas?
[08Jul2026 01:22:44.655] [Server thread/INFO] [net.minecraft.server.MinecraftServer/]: [Not Secure] <JonadeyoXW> 3 maderas arriba y 3 maderas abajo
[08Jul2026 01:22:46.214] [Server thread/INFO] [net.minecraft.server.MinecraftServer/]: [Not Secure] <CanFake> LA LIBRERIA SON 3 LIBROS?
[08Jul2026 01:22:50.166] [Server thread/INFO] [net.minecraft.server.MinecraftServer/]: [Not Secure] <JonadeyoXW> qqq
[08Jul2026 01:22:54.393] [Server thread/INFO] [net.minecraft.server.MinecraftServer/]: [Not Secure] <JonadeyoXW> creo
[08Jul2026 01:23:03.857] [Server thread/INFO] [net.minecraft.server.MinecraftServer/]: [Not Secure] <JonadeyoXW> si
[08Jul2026 01:23:06.449] [Server thread/INFO] [net.minecraft.server.MinecraftServer/]: [Not Secure] <CanFake> k
[08Jul2026 01:23:07.718] [Server thread/INFO] [net.minecraft.server.MinecraftServer/]: [Not Secure] <CanFake> ok
[08Jul2026 01:23:53.548] [Server thread/INFO] [net.minecraft.server.MinecraftServer/]: [Not Secure] <CanFake> lo necesitas para alla o puedes esperar un toque?
[08Jul2026 01:25:35.303] [Server thread/INFO] [net.minecraft.server.MinecraftServer/]: [Not Secure] <CanFake> alv tenemos jungla desierto y normal xd
[08Jul2026 01:25:45.452] [Server thread/WARN] [net.minecraft.server.network.ServerGamePacketListenerImpl/]: CanFake moved too quickly! -8.812736748737962,1.127890238205481,-5.038587542725395
[08Jul2026 01:25:48.048] [Server thread/INFO] [net.minecraft.server.MinecraftServer/]: [Not Secure] <CanFake> a no es desierto
[08Jul2026 01:26:26.130] [Server thread/DEBUG] [net.minecraftforge.common.ForgeHooks/WP]: Gathering id map for writing to world save world
[08Jul2026 01:26:26.136] [Server thread/DEBUG] [net.minecraftforge.common.ForgeHooks/WP]: ID Map collection complete world
[08Jul2026 01:27:05.408] [Server thread/INFO] [net.minecraft.server.MinecraftServer/]: [Not Secure] <CanFake> ketz??
[08Jul2026 01:28:42.465] [Server thread/INFO] [net.minecraft.server.MinecraftServer/]: [Not Secure] <CanFake> kendo?
[08Jul2026 01:28:45.019] [Server thread/INFO] [net.minecraft.server.MinecraftServer/]: [Not Secure] <samdo> q
[08Jul2026 01:28:47.045] [Server thread/INFO] [net.minecraft.server.MinecraftServer/]: [Not Secure] <CanFake> a
[08Jul2026 01:28:54.306] [Server thread/INFO] [net.minecraft.server.MinecraftServer/]: [Not Secure] <CanFake> ya pensaba q no respondia nadie
[08Jul2026 01:29:00.900] [Server thread/INFO] [net.minecraft.server.MinecraftServer/]: [Not Secure] <CanFake> ese ketz no se que se hizo
[08Jul2026 01:29:09.815] [Server thread/INFO] [net.minecraft.server.MinecraftServer/]: [Not Secure] <JonadeyoXW> a dormir we
[08Jul2026 01:29:11.119] [Server thread/INFO] [net.minecraft.server.MinecraftServer/]: [Not Secure] <JonadeyoXW> jojo
[08Jul2026 01:29:12.760] [Server thread/INFO] [net.minecraft.server.MinecraftServer/]: [Not Secure] <JonadeyoXW> ya volvi
[08Jul2026 01:29:17.547] [Server thread/INFO] [net.minecraft.server.MinecraftServer/]: [Not Secure] <JonadeyoXW> pero ahorita me vuelvo a ir xd
[08Jul2026 01:29:23.197] [Server thread/INFO] [net.minecraft.server.MinecraftServer/]: [Not Secure] <JonadeyoXW> we?
[08Jul2026 01:29:37.796] [Server thread/INFO] [net.minecraft.server.MinecraftServer/]: [Not Secure] <JonadeyoXW> we
[08Jul2026 01:29:40.296] [Server thread/INFO] [net.minecraft.server.MinecraftServer/]: [Not Secure] <JonadeyoXW> canz
[08Jul2026 01:29:43.693] [Server thread/INFO] [net.minecraft.server.MinecraftServer/]: [Not Secure] <JonadeyoXW> en donde estas
[08Jul2026 01:30:02.296] [Server thread/INFO] [net.minecraft.server.MinecraftServer/]: [Not Secure] <JonadeyoXW> kendo hp duerma
[08Jul2026 01:30:02.620] [Server thread/INFO] [net.minecraft.server.MinecraftServer/]: [Not Secure] <CanFake> se va a buguear
[08Jul2026 01:30:04.445] [Server thread/INFO] [net.minecraft.server.MinecraftServer/]: [Not Secure] <JonadeyoXW> a
[08Jul2026 01:30:15.946] [Server thread/INFO] [net.minecraft.server.MinecraftServer/]: [Not Secure] <JonadeyoXW> ok vuelvo a estar afk
[08Jul2026 01:30:17.711] [Server thread/INFO] [net.minecraft.server.MinecraftServer/]: [Not Secure] <CanFake> ketz
[08Jul2026 01:30:25.274] [Server thread/INFO] [net.minecraft.server.MinecraftServer/]: [Not Secure] <CanFake> te decia si necesitabas atril de una
[08Jul2026 01:30:33.722] [Server thread/INFO] [net.minecraft.server.MinecraftServer/]: [Not Secure] <JonadeyoXW> ps es para los aldeanos
[08Jul2026 01:30:44.145] [Server thread/INFO] [net.minecraft.server.MinecraftServer/]: [Not Secure] <CanFake> pero ya ya ya?
[08Jul2026 01:30:50.995] [Server thread/INFO] [net.minecraft.server.MinecraftServer/]: [Not Secure] <CanFake> o esperas un toque?
[08Jul2026 01:31:26.127] [Server thread/DEBUG] [net.minecraftforge.common.ForgeHooks/WP]: Gathering id map for writing to world save world
[08Jul2026 01:31:26.133] [Server thread/DEBUG] [net.minecraftforge.common.ForgeHooks/WP]: ID Map collection complete world
[08Jul2026 01:33:22.296] [Server thread/INFO] [net.minecraft.server.MinecraftServer/]: [Not Secure] <CanFake> qhaces kendo
[08Jul2026 01:33:37.513] [Server thread/INFO] [net.minecraft.server.MinecraftServer/]: [Not Secure] <samdo> cosas
[08Jul2026 01:33:40.856] [Server thread/WARN] [net.minecraft.server.network.ServerGamePacketListenerImpl/]: CanFake moved too quickly! 10.193926269307951,0.0,-0.2962913623570671
[08Jul2026 01:33:46.899] [Server thread/INFO] [net.minecraft.server.MinecraftServer/]: [samdo: Set the time to 1000]
[08Jul2026 01:33:49.244] [Server thread/INFO] [net.minecraft.server.MinecraftServer/]: [Not Secure] <samdo> q
[08Jul2026 01:33:51.221] [Server thread/INFO] [net.minecraft.server.MinecraftServer/]: [Not Secure] <CanFake> xddd
[08Jul2026 01:35:01.754] [Server thread/INFO] [net.minecraft.server.MinecraftServer/]: [Not Secure] <CanFake> bro siempre tengo que llevar la mochila en el inventario?
[08Jul2026 01:35:15.745] [Server thread/INFO] [net.minecraft.server.MinecraftServer/]: [Not Secure] <samdo> creo que si
[08Jul2026 01:35:18.645] [Server thread/INFO] [net.minecraft.server.MinecraftServer/]: [Not Secure] <CanFake> no puedo llevarla puesta y la armadura tambien?
[08Jul2026 01:35:18.745] [Server thread/INFO] [net.minecraft.server.MinecraftServer/]: [Not Secure] <samdo> no se cual es la tecla
[08Jul2026 01:35:22.795] [Server thread/INFO] [net.minecraft.server.MinecraftServer/]: [Not Secure] <samdo> creo que si
[08Jul2026 01:36:26.125] [Server thread/DEBUG] [net.minecraftforge.common.ForgeHooks/WP]: Gathering id map for writing to world save world
[08Jul2026 01:36:26.130] [Server thread/DEBUG] [net.minecraftforge.common.ForgeHooks/WP]: ID Map collection complete world
[08Jul2026 01:36:46.719] [Server thread/INFO] [net.minecraft.server.MinecraftServer/]: [Not Secure] <samdo> ya vuelvo
[08Jul2026 01:36:48.342] [Server thread/INFO] [net.minecraft.server.network.ServerGamePacketListenerImpl/]: samdo lost connection: Disconnected
[08Jul2026 01:36:48.343] [Server thread/INFO] [net.minecraft.server.MinecraftServer/]: samdo left the game
[08Jul2026 01:37:38.187] [Server thread/INFO] [net.minecraft.server.MinecraftServer/]: [Not Secure] <CanFake> yo me desconecto ya ketz
[08Jul2026 01:37:39.166] [Server thread/INFO] [net.minecraft.server.MinecraftServer/]: [Not Secure] <CanFake> xd
[08Jul2026 01:37:55.134] [Server thread/INFO] [net.minecraft.server.network.ServerGamePacketListenerImpl/]: CanFake lost connection: Disconnected
[08Jul2026 01:37:55.135] [Server thread/INFO] [net.minecraft.server.MinecraftServer/]: CanFake left the game
[08Jul2026 01:38:48.638] [Netty Epoll Server IO #7/DEBUG] [net.minecraftforge.network.HandshakeHandler/FMLHANDSHAKE]: Starting new modded impl connection. Found 24 messages to dispatch.
[08Jul2026 01:38:48.735] [Server thread/DEBUG] [net.minecraftforge.network.HandshakeHandler/FMLHANDSHAKE]: Sending ticking packet info 'net.minecraftforge.network.HandshakeMessages$S2CModData' to 'fml:handshake' sequence 0
[08Jul2026 01:38:48.785] [Server thread/DEBUG] [net.minecraftforge.network.HandshakeHandler/FMLHANDSHAKE]: Sending ticking packet info 'net.minecraftforge.network.HandshakeMessages$S2CModList' to 'fml:handshake' sequence 1
[08Jul2026 01:38:48.834] [Server thread/DEBUG] [net.minecraftforge.network.HandshakeHandler/FMLHANDSHAKE]: Sending ticking packet info 'Registry minecraft:command_argument_type' to 'fml:handshake' sequence 2
[08Jul2026 01:38:48.880] [Netty Epoll Server IO #7/DEBUG] [net.minecraftforge.network.LoginWrapper/FMLHANDSHAKE]: Recieved login wrapper packet event for channel fml:handshake with index 1
[08Jul2026 01:38:48.880] [Netty Epoll Server IO #7/DEBUG] [net.minecraftforge.network.HandshakeHandler/FMLHANDSHAKE]: Received client indexed reply 1 of type net.minecraftforge.network.HandshakeMessages$C2SModListReply
[08Jul2026 01:38:48.880] [Netty Epoll Server IO #7/DEBUG] [net.minecraftforge.network.HandshakeHandler/FMLHANDSHAKE]: Received client connection with modlist [radium, kuma_api, geckolib, connectivity, trender, sophisticatedcore, controlling, modernfix, jei, sophisticatedbackpacks, clickadv, farsight_view, balm, fusion, fpsreducer, cloth_config, forge, sodiumdynamiclights, embeddium, rubidium, logbegone, minecraft, smoothchunk, okzoomer, entity_model_features, entity_texture_features, fabric_api_base, mousetweaks, nochatreports, boatiview, e4mc_minecraft, citresewn, oculus, gravestone, searchables, entityculling, stalker, immediatelyfast, ferritecore, embeddium_extra, cupboard, transition, rrls, yeetusexperimentus, renderscale]
[08Jul2026 01:38:48.880] [Netty Epoll Server IO #7/DEBUG] [net.minecraftforge.network.NetworkRegistry/NETREGISTRY]: Channel 'fml:loginwrapper' : Version test of 'FML3' from client : ACCEPTED
[08Jul2026 01:38:48.880] [Netty Epoll Server IO #7/DEBUG] [net.minecraftforge.network.NetworkRegistry/NETREGISTRY]: Channel 'forge:tier_sorting' : Version test of '1.0' from client : ACCEPTED
[08Jul2026 01:38:48.880] [Netty Epoll Server IO #7/DEBUG] [net.minecraftforge.network.NetworkRegistry/NETREGISTRY]: Channel 'fml:handshake' : Version test of 'FML3' from client : ACCEPTED
[08Jul2026 01:38:48.880] [Netty Epoll Server IO #7/DEBUG] [net.minecraftforge.network.NetworkRegistry/NETREGISTRY]: Channel 'minecraft:unregister' : Version test of 'FML3' from client : ACCEPTED
[08Jul2026 01:38:48.880] [Netty Epoll Server IO #7/DEBUG] [net.minecraftforge.network.NetworkRegistry/NETREGISTRY]: Channel 'fml:play' : Version test of 'FML3' from client : ACCEPTED
[08Jul2026 01:38:48.880] [Netty Epoll Server IO #7/DEBUG] [net.minecraftforge.network.NetworkRegistry/NETREGISTRY]: Channel 'minecraft:register' : Version test of 'FML3' from client : ACCEPTED
[08Jul2026 01:38:48.881] [Netty Epoll Server IO #7/DEBUG] [net.minecraftforge.network.NetworkRegistry/NETREGISTRY]: Channel 'forge:split' : Version test of '1.1' from client : ACCEPTED
[08Jul2026 01:38:48.881] [Netty Epoll Server IO #7/DEBUG] [net.minecraftforge.network.NetworkRegistry/NETREGISTRY]: Channel 'sophisticatedbackpacks:channel' : Version test of '3.24.59.1960' from client : ACCEPTED
[08Jul2026 01:38:48.881] [Netty Epoll Server IO #7/DEBUG] [net.minecraftforge.network.NetworkRegistry/NETREGISTRY]: Channel 'geckolib:main' : Version test of '1' from client : ACCEPTED
[08Jul2026 01:38:48.881] [Netty Epoll Server IO #7/DEBUG] [net.minecraftforge.network.NetworkRegistry/NETREGISTRY]: Channel 'sophisticatedcore:channel' : Version test of '1.3.63.2106' from client : ACCEPTED
[08Jul2026 01:38:48.881] [Netty Epoll Server IO #7/DEBUG] [net.minecraftforge.network.NetworkRegistry/NETREGISTRY]: Channel 'gravestone:default' : Version test of '1.0.0' from client : ACCEPTED
[08Jul2026 01:38:48.881] [Netty Epoll Server IO #7/DEBUG] [net.minecraftforge.network.NetworkRegistry/NETREGISTRY]: Accepting channel list from client
[08Jul2026 01:38:48.881] [Netty Epoll Server IO #7/DEBUG] [net.minecraftforge.network.HandshakeHandler/FMLHANDSHAKE]: Accepted client connection mod list
[08Jul2026 01:38:48.888] [Server thread/DEBUG] [net.minecraftforge.network.HandshakeHandler/FMLHANDSHAKE]: Sending ticking packet info 'Registry minecraft:recipe_serializer' to 'fml:handshake' sequence 3
[08Jul2026 01:38:48.935] [Server thread/DEBUG] [net.minecraftforge.network.HandshakeHandler/FMLHANDSHAKE]: Sending ticking packet info 'Registry minecraft:sound_event' to 'fml:handshake' sequence 4
[08Jul2026 01:38:48.948] [Netty Epoll Server IO #7/DEBUG] [net.minecraftforge.network.LoginWrapper/FMLHANDSHAKE]: Recieved login wrapper packet event for channel fml:handshake with index 2
[08Jul2026 01:38:48.948] [Netty Epoll Server IO #7/DEBUG] [net.minecraftforge.network.HandshakeHandler/FMLHANDSHAKE]: Received client indexed reply 2 of type net.minecraftforge.network.HandshakeMessages$C2SAcknowledge
[08Jul2026 01:38:48.948] [Netty Epoll Server IO #7/DEBUG] [net.minecraftforge.network.HandshakeHandler/FMLHANDSHAKE]: Received acknowledgement from client
[08Jul2026 01:38:48.977] [Netty Epoll Server IO #7/DEBUG] [net.minecraftforge.network.LoginWrapper/FMLHANDSHAKE]: Recieved login wrapper packet event for channel fml:handshake with index 3
[08Jul2026 01:38:48.977] [Netty Epoll Server IO #7/DEBUG] [net.minecraftforge.network.HandshakeHandler/FMLHANDSHAKE]: Received client indexed reply 3 of type net.minecraftforge.network.HandshakeMessages$C2SAcknowledge
[08Jul2026 01:38:48.977] [Netty Epoll Server IO #7/DEBUG] [net.minecraftforge.network.HandshakeHandler/FMLHANDSHAKE]: Received acknowledgement from client
[08Jul2026 01:38:48.992] [Server thread/DEBUG] [net.minecraftforge.network.HandshakeHandler/FMLHANDSHAKE]: Sending ticking packet info 'Registry minecraft:particle_type' to 'fml:handshake' sequence 5
[08Jul2026 01:38:49.034] [Server thread/DEBUG] [net.minecraftforge.network.HandshakeHandler/FMLHANDSHAKE]: Sending ticking packet info 'Registry minecraft:villager_profession' to 'fml:handshake' sequence 6
[08Jul2026 01:38:49.085] [Server thread/DEBUG] [net.minecraftforge.network.HandshakeHandler/FMLHANDSHAKE]: Sending ticking packet info 'Registry minecraft:item' to 'fml:handshake' sequence 7
[08Jul2026 01:38:49.135] [Server thread/DEBUG] [net.minecraftforge.network.HandshakeHandler/FMLHANDSHAKE]: Sending ticking packet info 'Registry minecraft:potion' to 'fml:handshake' sequence 8
[08Jul2026 01:38:49.186] [Server thread/DEBUG] [net.minecraftforge.network.HandshakeHandler/FMLHANDSHAKE]: Sending ticking packet info 'Registry minecraft:painting_variant' to 'fml:handshake' sequence 9
[08Jul2026 01:38:49.206] [Netty Epoll Server IO #7/DEBUG] [net.minecraftforge.network.LoginWrapper/FMLHANDSHAKE]: Recieved login wrapper packet event for channel fml:handshake with index 4
[08Jul2026 01:38:49.206] [Netty Epoll Server IO #7/DEBUG] [net.minecraftforge.network.HandshakeHandler/FMLHANDSHAKE]: Received client indexed reply 4 of type net.minecraftforge.network.HandshakeMessages$C2SAcknowledge
[08Jul2026 01:38:49.207] [Netty Epoll Server IO #7/DEBUG] [net.minecraftforge.network.HandshakeHandler/FMLHANDSHAKE]: Received acknowledgement from client
[08Jul2026 01:38:49.207] [Netty Epoll Server IO #7/DEBUG] [net.minecraftforge.network.LoginWrapper/FMLHANDSHAKE]: Recieved login wrapper packet event for channel fml:handshake with index 5
[08Jul2026 01:38:49.207] [Netty Epoll Server IO #7/DEBUG] [net.minecraftforge.network.HandshakeHandler/FMLHANDSHAKE]: Received client indexed reply 5 of type net.minecraftforge.network.HandshakeMessages$C2SAcknowledge
[08Jul2026 01:38:49.207] [Netty Epoll Server IO #7/DEBUG] [net.minecraftforge.network.HandshakeHandler/FMLHANDSHAKE]: Received acknowledgement from client
[08Jul2026 01:38:49.207] [Netty Epoll Server IO #7/DEBUG] [net.minecraftforge.network.LoginWrapper/FMLHANDSHAKE]: Recieved login wrapper packet event for channel fml:handshake with index 6
[08Jul2026 01:38:49.207] [Netty Epoll Server IO #7/DEBUG] [net.minecraftforge.network.HandshakeHandler/FMLHANDSHAKE]: Received client indexed reply 6 of type net.minecraftforge.network.HandshakeMessages$C2SAcknowledge
[08Jul2026 01:38:49.207] [Netty Epoll Server IO #7/DEBUG] [net.minecraftforge.network.HandshakeHandler/FMLHANDSHAKE]: Received acknowledgement from client
[08Jul2026 01:38:49.234] [Server thread/DEBUG] [net.minecraftforge.network.HandshakeHandler/FMLHANDSHAKE]: Sending ticking packet info 'Registry forge:fluid_type' to 'fml:handshake' sequence 10
[08Jul2026 01:38:49.245] [Netty Epoll Server IO #7/DEBUG] [net.minecraftforge.network.LoginWrapper/FMLHANDSHAKE]: Recieved login wrapper packet event for channel fml:handshake with index 7
[08Jul2026 01:38:49.245] [Netty Epoll Server IO #7/DEBUG] [net.minecraftforge.network.HandshakeHandler/FMLHANDSHAKE]: Received client indexed reply 7 of type net.minecraftforge.network.HandshakeMessages$C2SAcknowledge
[08Jul2026 01:38:49.245] [Netty Epoll Server IO #7/DEBUG] [net.minecraftforge.network.HandshakeHandler/FMLHANDSHAKE]: Received acknowledgement from client
[08Jul2026 01:38:49.245] [Netty Epoll Server IO #7/DEBUG] [net.minecraftforge.network.LoginWrapper/FMLHANDSHAKE]: Recieved login wrapper packet event for channel fml:handshake with index 8
[08Jul2026 01:38:49.245] [Netty Epoll Server IO #7/DEBUG] [net.minecraftforge.network.HandshakeHandler/FMLHANDSHAKE]: Received client indexed reply 8 of type net.minecraftforge.network.HandshakeMessages$C2SAcknowledge
[08Jul2026 01:38:49.245] [Netty Epoll Server IO #7/DEBUG] [net.minecraftforge.network.HandshakeHandler/FMLHANDSHAKE]: Received acknowledgement from client
[08Jul2026 01:38:49.275] [Netty Epoll Server IO #7/DEBUG] [net.minecraftforge.network.LoginWrapper/FMLHANDSHAKE]: Recieved login wrapper packet event for channel fml:handshake with index 9
[08Jul2026 01:38:49.275] [Netty Epoll Server IO #7/DEBUG] [net.minecraftforge.network.HandshakeHandler/FMLHANDSHAKE]: Received client indexed reply 9 of type net.minecraftforge.network.HandshakeMessages$C2SAcknowledge
[08Jul2026 01:38:49.275] [Netty Epoll Server IO #7/DEBUG] [net.minecraftforge.network.HandshakeHandler/FMLHANDSHAKE]: Received acknowledgement from client
[08Jul2026 01:38:49.285] [Server thread/DEBUG] [net.minecraftforge.network.HandshakeHandler/FMLHANDSHAKE]: Sending ticking packet info 'Registry minecraft:block_entity_type' to 'fml:handshake' sequence 11
[08Jul2026 01:38:49.322] [Netty Epoll Server IO #7/DEBUG] [net.minecraftforge.network.LoginWrapper/FMLHANDSHAKE]: Recieved login wrapper packet event for channel fml:handshake with index 10
[08Jul2026 01:38:49.322] [Netty Epoll Server IO #7/DEBUG] [net.minecraftforge.network.HandshakeHandler/FMLHANDSHAKE]: Received client indexed reply 10 of type net.minecraftforge.network.HandshakeMessages$C2SAcknowledge
[08Jul2026 01:38:49.322] [Netty Epoll Server IO #7/DEBUG] [net.minecraftforge.network.HandshakeHandler/FMLHANDSHAKE]: Received acknowledgement from client
[08Jul2026 01:38:49.335] [Server thread/DEBUG] [net.minecraftforge.network.HandshakeHandler/FMLHANDSHAKE]: Sending ticking packet info 'Registry forge:display_contexts' to 'fml:handshake' sequence 12
[08Jul2026 01:38:49.373] [Netty Epoll Server IO #7/DEBUG] [net.minecraftforge.network.LoginWrapper/FMLHANDSHAKE]: Recieved login wrapper packet event for channel fml:handshake with index 11
[08Jul2026 01:38:49.373] [Netty Epoll Server IO #7/DEBUG] [net.minecraftforge.network.HandshakeHandler/FMLHANDSHAKE]: Received client indexed reply 11 of type net.minecraftforge.network.HandshakeMessages$C2SAcknowledge
[08Jul2026 01:38:49.373] [Netty Epoll Server IO #7/DEBUG] [net.minecraftforge.network.HandshakeHandler/FMLHANDSHAKE]: Received acknowledgement from client
[08Jul2026 01:38:49.385] [Server thread/DEBUG] [net.minecraftforge.network.HandshakeHandler/FMLHANDSHAKE]: Sending ticking packet info 'Registry minecraft:block' to 'fml:handshake' sequence 13
[08Jul2026 01:38:49.427] [Netty Epoll Server IO #7/DEBUG] [net.minecraftforge.network.LoginWrapper/FMLHANDSHAKE]: Recieved login wrapper packet event for channel fml:handshake with index 12
[08Jul2026 01:38:49.427] [Netty Epoll Server IO #7/DEBUG] [net.minecraftforge.network.HandshakeHandler/FMLHANDSHAKE]: Received client indexed reply 12 of type net.minecraftforge.network.HandshakeMessages$C2SAcknowledge
[08Jul2026 01:38:49.427] [Netty Epoll Server IO #7/DEBUG] [net.minecraftforge.network.HandshakeHandler/FMLHANDSHAKE]: Received acknowledgement from client
[08Jul2026 01:38:49.434] [Server thread/DEBUG] [net.minecraftforge.network.HandshakeHandler/FMLHANDSHAKE]: Sending ticking packet info 'Registry forge:entity_data_serializers' to 'fml:handshake' sequence 14
[08Jul2026 01:38:49.477] [Netty Epoll Server IO #7/DEBUG] [net.minecraftforge.network.LoginWrapper/FMLHANDSHAKE]: Recieved login wrapper packet event for channel fml:handshake with index 13
[08Jul2026 01:38:49.477] [Netty Epoll Server IO #7/DEBUG] [net.minecraftforge.network.HandshakeHandler/FMLHANDSHAKE]: Received client indexed reply 13 of type net.minecraftforge.network.HandshakeMessages$C2SAcknowledge
[08Jul2026 01:38:49.477] [Netty Epoll Server IO #7/DEBUG] [net.minecraftforge.network.HandshakeHandler/FMLHANDSHAKE]: Received acknowledgement from client
[08Jul2026 01:38:49.484] [Server thread/DEBUG] [net.minecraftforge.network.HandshakeHandler/FMLHANDSHAKE]: Sending ticking packet info 'Registry minecraft:mob_effect' to 'fml:handshake' sequence 15
[08Jul2026 01:38:49.522] [Netty Epoll Server IO #7/DEBUG] [net.minecraftforge.network.LoginWrapper/FMLHANDSHAKE]: Recieved login wrapper packet event for channel fml:handshake with index 14
[08Jul2026 01:38:49.522] [Netty Epoll Server IO #7/DEBUG] [net.minecraftforge.network.HandshakeHandler/FMLHANDSHAKE]: Received client indexed reply 14 of type net.minecraftforge.network.HandshakeMessages$C2SAcknowledge
[08Jul2026 01:38:49.523] [Netty Epoll Server IO #7/DEBUG] [net.minecraftforge.network.HandshakeHandler/FMLHANDSHAKE]: Received acknowledgement from client
[08Jul2026 01:38:49.534] [Server thread/DEBUG] [net.minecraftforge.network.HandshakeHandler/FMLHANDSHAKE]: Sending ticking packet info 'Registry minecraft:stat_type' to 'fml:handshake' sequence 16
[08Jul2026 01:38:49.573] [Netty Epoll Server IO #7/DEBUG] [net.minecraftforge.network.LoginWrapper/FMLHANDSHAKE]: Recieved login wrapper packet event for channel fml:handshake with index 15
[08Jul2026 01:38:49.573] [Netty Epoll Server IO #7/DEBUG] [net.minecraftforge.network.HandshakeHandler/FMLHANDSHAKE]: Received client indexed reply 15 of type net.minecraftforge.network.HandshakeMessages$C2SAcknowledge
[08Jul2026 01:38:49.573] [Netty Epoll Server IO #7/DEBUG] [net.minecraftforge.network.HandshakeHandler/FMLHANDSHAKE]: Received acknowledgement from client
[08Jul2026 01:38:49.585] [Server thread/DEBUG] [net.minecraftforge.network.HandshakeHandler/FMLHANDSHAKE]: Sending ticking packet info 'Registry minecraft:menu' to 'fml:handshake' sequence 17
[08Jul2026 01:38:49.622] [Netty Epoll Server IO #7/DEBUG] [net.minecraftforge.network.LoginWrapper/FMLHANDSHAKE]: Recieved login wrapper packet event for channel fml:handshake with index 16
[08Jul2026 01:38:49.622] [Netty Epoll Server IO #7/DEBUG] [net.minecraftforge.network.HandshakeHandler/FMLHANDSHAKE]: Received client indexed reply 16 of type net.minecraftforge.network.HandshakeMessages$C2SAcknowledge
[08Jul2026 01:38:49.622] [Netty Epoll Server IO #7/DEBUG] [net.minecraftforge.network.HandshakeHandler/FMLHANDSHAKE]: Received acknowledgement from client
[08Jul2026 01:38:49.639] [Server thread/DEBUG] [net.minecraftforge.network.HandshakeHandler/FMLHANDSHAKE]: Sending ticking packet info 'Registry minecraft:enchantment' to 'fml:handshake' sequence 18
[08Jul2026 01:38:49.673] [Netty Epoll Server IO #7/DEBUG] [net.minecraftforge.network.LoginWrapper/FMLHANDSHAKE]: Recieved login wrapper packet event for channel fml:handshake with index 17
[08Jul2026 01:38:49.673] [Netty Epoll Server IO #7/DEBUG] [net.minecraftforge.network.HandshakeHandler/FMLHANDSHAKE]: Received client indexed reply 17 of type net.minecraftforge.network.HandshakeMessages$C2SAcknowledge
[08Jul2026 01:38:49.673] [Netty Epoll Server IO #7/DEBUG] [net.minecraftforge.network.HandshakeHandler/FMLHANDSHAKE]: Received acknowledgement from client
[08Jul2026 01:38:49.686] [Server thread/DEBUG] [net.minecraftforge.network.HandshakeHandler/FMLHANDSHAKE]: Sending ticking packet info 'Registry minecraft:fluid' to 'fml:handshake' sequence 19
[08Jul2026 01:38:49.726] [Netty Epoll Server IO #7/DEBUG] [net.minecraftforge.network.LoginWrapper/FMLHANDSHAKE]: Recieved login wrapper packet event for channel fml:handshake with index 18
[08Jul2026 01:38:49.726] [Netty Epoll Server IO #7/DEBUG] [net.minecraftforge.network.HandshakeHandler/FMLHANDSHAKE]: Received client indexed reply 18 of type net.minecraftforge.network.HandshakeMessages$C2SAcknowledge
[08Jul2026 01:38:49.727] [Netty Epoll Server IO #7/DEBUG] [net.minecraftforge.network.HandshakeHandler/FMLHANDSHAKE]: Received acknowledgement from client
[08Jul2026 01:38:49.735] [Server thread/DEBUG] [net.minecraftforge.network.HandshakeHandler/FMLHANDSHAKE]: Sending ticking packet info 'Registry minecraft:entity_type' to 'fml:handshake' sequence 20
[08Jul2026 01:38:49.774] [Netty Epoll Server IO #7/DEBUG] [net.minecraftforge.network.LoginWrapper/FMLHANDSHAKE]: Recieved login wrapper packet event for channel fml:handshake with index 19
[08Jul2026 01:38:49.774] [Netty Epoll Server IO #7/DEBUG] [net.minecraftforge.network.HandshakeHandler/FMLHANDSHAKE]: Received client indexed reply 19 of type net.minecraftforge.network.HandshakeMessages$C2SAcknowledge
[08Jul2026 01:38:49.774] [Netty Epoll Server IO #7/DEBUG] [net.minecraftforge.network.HandshakeHandler/FMLHANDSHAKE]: Received acknowledgement from client
[08Jul2026 01:38:49.787] [Server thread/DEBUG] [net.minecraftforge.network.HandshakeHandler/FMLHANDSHAKE]: Sending ticking packet info 'Config gravestone-server.toml' to 'fml:handshake' sequence 21
[08Jul2026 01:38:49.836] [Server thread/DEBUG] [net.minecraftforge.network.HandshakeHandler/FMLHANDSHAKE]: Sending ticking packet info 'Config sophisticatedbackpacks-server.toml' to 'fml:handshake' sequence 22
[08Jul2026 01:38:49.885] [Server thread/DEBUG] [net.minecraftforge.network.HandshakeHandler/FMLHANDSHAKE]: Sending ticking packet info 'Config forge-server.toml' to 'fml:handshake' sequence 23
[08Jul2026 01:38:49.910] [Netty Epoll Server IO #7/DEBUG] [net.minecraftforge.network.LoginWrapper/FMLHANDSHAKE]: Recieved login wrapper packet event for channel fml:handshake with index 20
[08Jul2026 01:38:49.910] [Netty Epoll Server IO #7/DEBUG] [net.minecraftforge.network.HandshakeHandler/FMLHANDSHAKE]: Received client indexed reply 20 of type net.minecraftforge.network.HandshakeMessages$C2SAcknowledge
[08Jul2026 01:38:49.911] [Netty Epoll Server IO #7/DEBUG] [net.minecraftforge.network.HandshakeHandler/FMLHANDSHAKE]: Received acknowledgement from client
[08Jul2026 01:38:49.918] [Netty Epoll Server IO #7/DEBUG] [net.minecraftforge.network.LoginWrapper/FMLHANDSHAKE]: Recieved login wrapper packet event for channel fml:handshake with index 21
[08Jul2026 01:38:49.918] [Netty Epoll Server IO #7/DEBUG] [net.minecraftforge.network.HandshakeHandler/FMLHANDSHAKE]: Received client indexed reply 21 of type net.minecraftforge.network.HandshakeMessages$C2SAcknowledge
[08Jul2026 01:38:49.918] [Netty Epoll Server IO #7/DEBUG] [net.minecraftforge.network.HandshakeHandler/FMLHANDSHAKE]: Received acknowledgement from client
[08Jul2026 01:38:49.932] [Netty Epoll Server IO #7/DEBUG] [net.minecraftforge.network.LoginWrapper/FMLHANDSHAKE]: Recieved login wrapper packet event for channel fml:handshake with index 22
[08Jul2026 01:38:49.933] [Netty Epoll Server IO #7/DEBUG] [net.minecraftforge.network.HandshakeHandler/FMLHANDSHAKE]: Received client indexed reply 22 of type net.minecraftforge.network.HandshakeMessages$C2SAcknowledge
[08Jul2026 01:38:49.933] [Netty Epoll Server IO #7/DEBUG] [net.minecraftforge.network.HandshakeHandler/FMLHANDSHAKE]: Received acknowledgement from client
[08Jul2026 01:38:49.982] [Netty Epoll Server IO #7/DEBUG] [net.minecraftforge.network.LoginWrapper/FMLHANDSHAKE]: Recieved login wrapper packet event for channel fml:handshake with index 23
[08Jul2026 01:38:49.983] [Netty Epoll Server IO #7/DEBUG] [net.minecraftforge.network.HandshakeHandler/FMLHANDSHAKE]: Received client indexed reply 23 of type net.minecraftforge.network.HandshakeMessages$C2SAcknowledge
[08Jul2026 01:38:49.983] [Netty Epoll Server IO #7/DEBUG] [net.minecraftforge.network.HandshakeHandler/FMLHANDSHAKE]: Received acknowledgement from client
[08Jul2026 01:38:49.985] [Server thread/DEBUG] [net.minecraftforge.network.HandshakeHandler/FMLHANDSHAKE]: Handshake complete!
[08Jul2026 01:38:50.046] [Server thread/INFO] [net.minecraft.server.players.PlayerList/]: samdo[/127.228.89.107:54287] logged in with entity id 8017 at (-361.67004668986345, 62.073264324665075, 12.178183469938851)
[08Jul2026 01:38:50.047] [Server thread/DEBUG] [net.minecraftforge.network.filters.NetworkFilters/]: Injected net.minecraftforge.network.filters.ForgeConnectionNetworkFilter@1258b3c3 into net.minecraft.network.Connection@41f90b19
[08Jul2026 01:38:50.073] [Server thread/INFO] [net.minecraft.server.MinecraftServer/]: samdo joined the game
[08Jul2026 01:40:19.317] [Server thread/INFO] [net.minecraft.server.MinecraftServer/]: [Not Secure] <JonadeyoXW> QQQQ
[08Jul2026 01:40:29.246] [Server thread/INFO] [net.minecraft.server.MinecraftServer/]: [Not Secure] <JonadeyoXW> hola jeje
[08Jul2026 01:40:31.850] [Server thread/INFO] [net.minecraft.server.MinecraftServer/]: [Not Secure] <samdo> hol
[08Jul2026 01:41:03.195] [Server thread/INFO] [net.minecraft.server.MinecraftServer/]: [Not Secure] <samdo> voy a comer
[08Jul2026 01:41:07.669] [Server thread/INFO] [net.minecraft.server.MinecraftServer/]: [Not Secure] <JonadeyoXW> ok chau
[08Jul2026 01:41:09.523] [Server thread/INFO] [net.minecraft.server.MinecraftServer/]: [Not Secure] <samdo> te vas a quedar o apago server?
[08Jul2026 01:41:13.121] [Server thread/INFO] [net.minecraft.server.MinecraftServer/]: [Not Secure] <JonadeyoXW> apagalo
[08Jul2026 01:41:14.813] [Server thread/INFO] [net.minecraft.server.MinecraftServer/]: [Not Secure] <JonadeyoXW> bye
[08Jul2026 01:41:15.895] [Server thread/INFO] [net.minecraft.server.network.ServerGamePacketListenerImpl/]: JonadeyoXW lost connection: Disconnected
[08Jul2026 01:41:15.896] [Server thread/INFO] [net.minecraft.server.MinecraftServer/]: JonadeyoXW left the game
[08Jul2026 01:41:16.287] [Server thread/INFO] [net.minecraft.server.MinecraftServer/]: [Not Secure] <samdo> ok
[08Jul2026 01:41:22.184] [Server thread/INFO] [net.minecraft.server.network.ServerGamePacketListenerImpl/]: samdo lost connection: Disconnected
[08Jul2026 01:41:22.185] [Server thread/INFO] [net.minecraft.server.MinecraftServer/]: samdo left the game
[08Jul2026 01:41:26.082] [Server thread/DEBUG] [net.minecraftforge.common.ForgeHooks/WP]: Gathering id map for writing to world save world
[08Jul2026 01:41:26.087] [Server thread/DEBUG] [net.minecraftforge.common.ForgeHooks/WP]: ID Map collection complete world
[08Jul2026 01:41:57.426] [Server thread/INFO] [net.minecraft.server.MinecraftServer/]: Stopping the server
[08Jul2026 01:41:57.485] [Server thread/INFO] [net.minecraft.server.MinecraftServer/]: Stopping server
[08Jul2026 01:41:57.491] [Server thread/INFO] [net.minecraft.server.MinecraftServer/]: Saving players
[08Jul2026 01:41:57.495] [Server thread/INFO] [net.minecraft.server.MinecraftServer/]: Saving worlds
[08Jul2026 01:41:57.741] [Server thread/INFO] [net.minecraft.server.MinecraftServer/]: Saving chunks for level 'ServerLevel[world]'/minecraft:overworld
[08Jul2026 01:41:57.959] [Server thread/INFO] [net.minecraft.server.MinecraftServer/]: Saving chunks for level 'ServerLevel[world]'/minecraft:the_nether
[08Jul2026 01:41:57.962] [Server thread/INFO] [net.minecraft.server.MinecraftServer/]: Saving chunks for level 'ServerLevel[world]'/minecraft:the_end
[08Jul2026 01:41:57.964] [Server thread/DEBUG] [net.minecraftforge.common.ForgeHooks/WP]: Gathering id map for writing to world save world
[08Jul2026 01:41:57.971] [Server thread/DEBUG] [net.minecraftforge.common.ForgeHooks/WP]: ID Map collection complete world
[08Jul2026 01:41:57.980] [Server thread/INFO] [net.minecraft.server.MinecraftServer/]: ThreadedAnvilChunkStorage (world): All chunks are saved
[08Jul2026 01:41:57.982] [Server thread/INFO] [net.minecraft.server.MinecraftServer/]: ThreadedAnvilChunkStorage (DIM-1): All chunks are saved
[08Jul2026 01:41:57.982] [Server thread/INFO] [net.minecraft.server.MinecraftServer/]: ThreadedAnvilChunkStorage (DIM1): All chunks are saved
[08Jul2026 01:41:57.982] [Server thread/INFO] [net.minecraft.server.MinecraftServer/]: ThreadedAnvilChunkStorage: All dimensions are saved
[08Jul2026 01:41:58.149] [Server thread/DEBUG] [net.minecraftforge.fml.config.ConfigTracker/CONFIG]: Unloading configs type SERVER
